freq_hz,buf_diff_mag,ch250_diff_mag,ch500_diff_mag,ch750_diff_mag,ch1g_diff_mag
5.00000e+07,4.59350e-01,4.58890e-01,4.58194e-04,4.55576e-04,4.54762e-04
5.03418e+07,4.59577e-01,4.59102e-01,4.64776e-04,4.62084e-04,4.61248e-04
5.06859e+07,4.59790e-01,4.59300e-01,4.71440e-04,4.68673e-04,4.67812e-04
5.10324e+07,4.59990e-01,4.59485e-01,4.78187e-04,4.75341e-04,4.74457e-04
5.13812e+07,4.60176e-01,4.59655e-01,4.85017e-04,4.82091e-04,4.81181e-04
5.17325e+07,4.60349e-01,4.59812e-01,4.91932e-04,4.88922e-04,4.87987e-04
5.20861e+07,4.60508e-01,4.59955e-01,4.98931e-04,4.95836e-04,4.94875e-04
5.24422e+07,4.60654e-01,4.60084e-01,5.06016e-04,5.02834e-04,5.01846e-04
5.28006e+07,4.60786e-01,4.60199e-01,5.13188e-04,5.09916e-04,5.08900e-04
5.31616e+07,4.60905e-01,4.60300e-01,5.20447e-04,5.17084e-04,5.16039e-04
5.35250e+07,4.61010e-01,4.60387e-01,5.27795e-04,5.24337e-04,5.23263e-04
5.38909e+07,4.61102e-01,4.60460e-01,5.35231e-04,5.31677e-04,5.30573e-04
5.42593e+07,4.61181e-01,4.60520e-01,5.42759e-04,5.39104e-04,5.37970e-04
5.46302e+07,4.61246e-01,4.60565e-01,5.50377e-04,5.46620e-04,5.45454e-04
5.50036e+07,4.61297e-01,4.60596e-01,5.58087e-04,5.54225e-04,5.53026e-04
5.53796e+07,4.61335e-01,4.60614e-01,5.65890e-04,5.61919e-04,5.60687e-04
5.57582e+07,4.61359e-01,4.60617e-01,5.73786e-04,5.69705e-04,5.68439e-04
5.61393e+07,4.61370e-01,4.60606e-01,5.81777e-04,5.77582e-04,5.76281e-04
5.65231e+07,4.61367e-01,4.60582e-01,5.89864e-04,5.85552e-04,5.84214e-04
5.69095e+07,4.61351e-01,4.60543e-01,5.98047e-04,5.93614e-04,5.92240e-04
5.72985e+07,4.61321e-01,4.60490e-01,6.06327e-04,6.01771e-04,6.00358e-04
5.76902e+07,4.61278e-01,4.60423e-01,6.14705e-04,6.10023e-04,6.08571e-04
5.80845e+07,4.61221e-01,4.60342e-01,6.23183e-04,6.18370e-04,6.16878e-04
5.84816e+07,4.61150e-01,4.60247e-01,6.31761e-04,6.26814e-04,6.25281e-04
5.88813e+07,4.61066e-01,4.60137e-01,6.40439e-04,6.35356e-04,6.33780e-04
5.92838e+07,4.60968e-01,4.60014e-01,6.49220e-04,6.43995e-04,6.42376e-04
5.96891e+07,4.60857e-01,4.59876e-01,6.58103e-04,6.52734e-04,6.51070e-04
6.00971e+07,4.60732e-01,4.59724e-01,6.67090e-04,6.61572e-04,6.59863e-04
6.05079e+07,4.60594e-01,4.59558e-01,6.76182e-04,6.70512e-04,6.68755e-04
6.09216e+07,4.60442e-01,4.59378e-01,6.85379e-04,6.79552e-04,6.77748e-04
6.13380e+07,4.60276e-01,4.59183e-01,6.94683e-04,6.88696e-04,6.86842e-04
6.17573e+07,4.60097e-01,4.58974e-01,7.04094e-04,6.97942e-04,6.96037e-04
6.21795e+07,4.59904e-01,4.58751e-01,7.13614e-04,7.07292e-04,7.05335e-04
6.26045e+07,4.59697e-01,4.58514e-01,7.23243e-04,7.16748e-04,7.14737e-04
6.30325e+07,4.59477e-01,4.58262e-01,7.32983e-04,7.26309e-04,7.24243e-04
6.34633e+07,4.59243e-01,4.57996e-01,7.42833e-04,7.35976e-04,7.33855e-04
6.38972e+07,4.58995e-01,4.57716e-01,7.52796e-04,7.45751e-04,7.43572e-04
6.43339e+07,4.58734e-01,4.57421e-01,7.62873e-04,7.55634e-04,7.53396e-04
6.47737e+07,4.58459e-01,4.57112e-01,7.73063e-04,7.65627e-04,7.63327e-04
6.52165e+07,4.58171e-01,4.56789e-01,7.83368e-04,7.75729e-04,7.73366e-04
6.56623e+07,4.57868e-01,4.56451e-01,7.93790e-04,7.85941e-04,7.83515e-04
6.61112e+07,4.57552e-01,4.56098e-01,8.04328e-04,7.96265e-04,7.93773e-04
6.65631e+07,4.57222e-01,4.55731e-01,8.14984e-04,8.06702e-04,8.04142e-04
6.70181e+07,4.56879e-01,4.55350e-01,8.25759e-04,8.17251e-04,8.14623e-04
6.74762e+07,4.56521e-01,4.54954e-01,8.36654e-04,8.27915e-04,8.25215e-04
6.79375e+07,4.56150e-01,4.54544e-01,8.47670e-04,8.38693e-04,8.35920e-04
6.84019e+07,4.55765e-01,4.54119e-01,8.58807e-04,8.49586e-04,8.46739e-04
6.88695e+07,4.55366e-01,4.53679e-01,8.70067e-04,8.60596e-04,8.57672e-04
6.93403e+07,4.54954e-01,4.53225e-01,8.81451e-04,8.71723e-04,8.68720e-04
6.98142e+07,4.54527e-01,4.52757e-01,8.92959e-04,8.82967e-04,8.79884e-04
7.02915e+07,4.54087e-01,4.52273e-01,9.04592e-04,8.94330e-04,8.91164e-04
7.07720e+07,4.53632e-01,4.51775e-01,9.16352e-04,9.05812e-04,9.02561e-04
7.12558e+07,4.53164e-01,4.51262e-01,9.28238e-04,9.17414e-04,9.14076e-04
7.17429e+07,4.52682e-01,4.50735e-01,9.40253e-04,9.29137e-04,9.25710e-04
7.22333e+07,4.52185e-01,4.50192e-01,9.52397e-04,9.40982e-04,9.37462e-04
7.27271e+07,4.51675e-01,4.49635e-01,9.64671e-04,9.52948e-04,9.49335e-04
7.32242e+07,4.51151e-01,4.49063e-01,9.77076e-04,9.65037e-04,9.61328e-04
7.37247e+07,4.50613e-01,4.48477e-01,9.89612e-04,9.77250e-04,9.73441e-04
7.42287e+07,4.50060e-01,4.47875e-01,1.00228e-03,9.89587e-04,9.85677e-04
7.47361e+07,4.49494e-01,4.47258e-01,1.01508e-03,1.00205e-03,9.98034e-04
7.52470e+07,4.48913e-01,4.46627e-01,1.02802e-03,1.01464e-03,1.01051e-03
7.57614e+07,4.48318e-01,4.45980e-01,1.04109e-03,1.02735e-03,1.02312e-03
7.62793e+07,4.47709e-01,4.45319e-01,1.05430e-03,1.04019e-03,1.03585e-03
7.68007e+07,4.47085e-01,4.44642e-01,1.06764e-03,1.05315e-03,1.04870e-03
7.73257e+07,4.46448e-01,4.43951e-01,1.08112e-03,1.06625e-03,1.06167e-03
7.78543e+07,4.45796e-01,4.43244e-01,1.09474e-03,1.07947e-03,1.07478e-03
7.83865e+07,4.45129e-01,4.42522e-01,1.10850e-03,1.09282e-03,1.08800e-03
7.89223e+07,4.44448e-01,4.41785e-01,1.12240e-03,1.10630e-03,1.10136e-03
7.94618e+07,4.43753e-01,4.41033e-01,1.13643e-03,1.11991e-03,1.11484e-03
8.00050e+07,4.43043e-01,4.40266e-01,1.15061e-03,1.13366e-03,1.12845e-03
8.05519e+07,4.42318e-01,4.39483e-01,1.16493e-03,1.14753e-03,1.14218e-03
8.11025e+07,4.41579e-01,4.38685e-01,1.17940e-03,1.16153e-03,1.15604e-03
8.16569e+07,4.40826e-01,4.37871e-01,1.19400e-03,1.17566e-03,1.17003e-03
8.22151e+07,4.40057e-01,4.37042e-01,1.20875e-03,1.18993e-03,1.18415e-03
8.27771e+07,4.39274e-01,4.36198e-01,1.22365e-03,1.20432e-03,1.19840e-03
8.33430e+07,4.38476e-01,4.35338e-01,1.23869e-03,1.21885e-03,1.21277e-03
8.39127e+07,4.37663e-01,4.34463e-01,1.25387e-03,1.23352e-03,1.22728e-03
8.44863e+07,4.36835e-01,4.33572e-01,1.26920e-03,1.24831e-03,1.24191e-03
8.50639e+07,4.35992e-01,4.32666e-01,1.28468e-03,1.26324e-03,1.25667e-03
8.56453e+07,4.35134e-01,4.31744e-01,1.30030e-03,1.27830e-03,1.27156e-03
8.62308e+07,4.34261e-01,4.30806e-01,1.31607e-03,1.29349e-03,1.28658e-03
8.68202e+07,4.33373e-01,4.29853e-01,1.33199e-03,1.30882e-03,1.30172e-03
8.74137e+07,4.32470e-01,4.28884e-01,1.34805e-03,1.32427e-03,1.31700e-03
8.80113e+07,4.31551e-01,4.27899e-01,1.36426e-03,1.33987e-03,1.33240e-03
8.86129e+07,4.30617e-01,4.26899e-01,1.38063e-03,1.35559e-03,1.34794e-03
8.92186e+07,4.29667e-01,4.25882e-01,1.39714e-03,1.37145e-03,1.36360e-03
8.98285e+07,4.28702e-01,4.24850e-01,1.41379e-03,1.38744e-03,1.37939e-03
9.04426e+07,4.27721e-01,4.23802e-01,1.43060e-03,1.40356e-03,1.39530e-03
9.10608e+07,4.26724e-01,4.22738e-01,1.44756e-03,1.41982e-03,1.41135e-03
9.16833e+07,4.25712e-01,4.21658e-01,1.46466e-03,1.43620e-03,1.42751e-03
9.23100e+07,4.24684e-01,4.20562e-01,1.48192e-03,1.45272e-03,1.44381e-03
9.29410e+07,4.23640e-01,4.19451e-01,1.49932e-03,1.46937e-03,1.46023e-03
9.35764e+07,4.22580e-01,4.18323e-01,1.51687e-03,1.48615e-03,1.47678e-03
9.42160e+07,4.21504e-01,4.17179e-01,1.53458e-03,1.50306e-03,1.49345e-03
9.48601e+07,4.20411e-01,4.16019e-01,1.55242e-03,1.52009e-03,1.51024e-03
9.55085e+07,4.19303e-01,4.14843e-01,1.57042e-03,1.53726e-03,1.52716e-03
9.61614e+07,4.18178e-01,4.13651e-01,1.58857e-03,1.55455e-03,1.54420e-03
9.68188e+07,4.17037e-01,4.12442e-01,1.60686e-03,1.57197e-03,1.56136e-03
9.74806e+07,4.15879e-01,4.11218e-01,1.62530e-03,1.58952e-03,1.57863e-03
9.81469e+07,4.14705e-01,4.09978e-01,1.64389e-03,1.60719e-03,1.59603e-03
9.88179e+07,4.13514e-01,4.08721e-01,1.66262e-03,1.62498e-03,1.61355e-03
9.94934e+07,4.12306e-01,4.07449e-01,1.68149e-03,1.64290e-03,1.63118e-03
1.00173e+08,4.11082e-01,4.06160e-01,1.70052e-03,1.66094e-03,1.64892e-03
1.00858e+08,4.09840e-01,4.04855e-01,1.71968e-03,1.67910e-03,1.66678e-03
1.01548e+08,4.08582e-01,4.03534e-01,1.73899e-03,1.69738e-03,1.68475e-03
1.02242e+08,4.07306e-01,4.02197e-01,1.75844e-03,1.71577e-03,1.70283e-03
1.02941e+08,4.06013e-01,4.00844e-01,1.77803e-03,1.73428e-03,1.72102e-03
1.03644e+08,4.04703e-01,3.99475e-01,1.79776e-03,1.75291e-03,1.73932e-03
1.04353e+08,4.03376e-01,3.98090e-01,1.81763e-03,1.77165e-03,1.75772e-03
1.05066e+08,4.02031e-01,3.96689e-01,1.83763e-03,1.79049e-03,1.77622e-03
1.05784e+08,4.00669e-01,3.95272e-01,1.85778e-03,1.80945e-03,1.79483e-03
1.06508e+08,3.99289e-01,3.93840e-01,1.87805e-03,1.82851e-03,1.81353e-03
1.07236e+08,3.97891e-01,3.92391e-01,1.89846e-03,1.84768e-03,1.83233e-03
1.07969e+08,3.96476e-01,3.90927e-01,1.91900e-03,1.86695e-03,1.85123e-03
1.08707e+08,3.95043e-01,3.89447e-01,1.93967e-03,1.88632e-03,1.87021e-03
1.09450e+08,3.93592e-01,3.87951e-01,1.96047e-03,1.90579e-03,1.88929e-03
1.10198e+08,3.92123e-01,3.86440e-01,1.98139e-03,1.92536e-03,1.90845e-03
1.10951e+08,3.90636e-01,3.84914e-01,2.00244e-03,1.94501e-03,1.92770e-03
1.11710e+08,3.89130e-01,3.83372e-01,2.02361e-03,1.96476e-03,1.94702e-03
1.12473e+08,3.87607e-01,3.81815e-01,2.04490e-03,1.98459e-03,1.96643e-03
1.13242e+08,3.86065e-01,3.80243e-01,2.06631e-03,2.00451e-03,1.98591e-03
1.14016e+08,3.84505e-01,3.78656e-01,2.08783e-03,2.02451e-03,2.00546e-03
1.14796e+08,3.82927e-01,3.77054e-01,2.10946e-03,2.04458e-03,2.02508e-03
1.15580e+08,3.81330e-01,3.75438e-01,2.13120e-03,2.06474e-03,2.04476e-03
1.16371e+08,3.79715e-01,3.73807e-01,2.15305e-03,2.08496e-03,2.06451e-03
1.17166e+08,3.78082e-01,3.72161e-01,2.17501e-03,2.10525e-03,2.08431e-03
1.17967e+08,3.76430e-01,3.70502e-01,2.19706e-03,2.12560e-03,2.10417e-03
1.18773e+08,3.74759e-01,3.68828e-01,2.21922e-03,2.14602e-03,2.12408e-03
1.19585e+08,3.73070e-01,3.67141e-01,2.24147e-03,2.16649e-03,2.14403e-03
1.20403e+08,3.71362e-01,3.65440e-01,2.26381e-03,2.18702e-03,2.16403e-03
1.21226e+08,3.69635e-01,3.63726e-01,2.28624e-03,2.20759e-03,2.18406e-03
1.22054e+08,3.67890e-01,3.61998e-01,2.30875e-03,2.22821e-03,2.20412e-03
1.22889e+08,3.66126e-01,3.60258e-01,2.33135e-03,2.24887e-03,2.22422e-03
1.23729e+08,3.64343e-01,3.58505e-01,2.35402e-03,2.26956e-03,2.24434e-03
1.24575e+08,3.62542e-01,3.56739e-01,2.37677e-03,2.29028e-03,2.26448e-03
1.25426e+08,3.60722e-01,3.54962e-01,2.39959e-03,2.31104e-03,2.28463e-03
1.26284e+08,3.58884e-01,3.53173e-01,2.42247e-03,2.33181e-03,2.30479e-03
1.27147e+08,3.57026e-01,3.51372e-01,2.44541e-03,2.35260e-03,2.32496e-03
1.28016e+08,3.55151e-01,3.49560e-01,2.46841e-03,2.37340e-03,2.34513e-03
1.28891e+08,3.53256e-01,3.47737e-01,2.49147e-03,2.39421e-03,2.36529e-03
1.29772e+08,3.51343e-01,3.45904e-01,2.51457e-03,2.41501e-03,2.38543e-03
1.30659e+08,3.49412e-01,3.44061e-01,2.53772e-03,2.43582e-03,2.40557e-03
1.31552e+08,3.47462e-01,3.42208e-01,2.56090e-03,2.45661e-03,2.42567e-03
1.32452e+08,3.45494e-01,3.40346e-01,2.58412e-03,2.47739e-03,2.44575e-03
1.33357e+08,3.43508e-01,3.38474e-01,2.60737e-03,2.49815e-03,2.46580e-03
1.34269e+08,3.41503e-01,3.36594e-01,2.63064e-03,2.51888e-03,2.48580e-03
1.35187e+08,3.39480e-01,3.34707e-01,2.65393e-03,2.53957e-03,2.50575e-03
1.36111e+08,3.37439e-01,3.32811e-01,2.67723e-03,2.56023e-03,2.52566e-03
1.37041e+08,3.35380e-01,3.30908e-01,2.70053e-03,2.58083e-03,2.54550e-03
1.37978e+08,3.33303e-01,3.28999e-01,2.72384e-03,2.60139e-03,2.56527e-03
1.38921e+08,3.31208e-01,3.27083e-01,2.74715e-03,2.62189e-03,2.58497e-03
1.39871e+08,3.29095e-01,3.25162e-01,2.77044e-03,2.64232e-03,2.60459e-03
1.40827e+08,3.26965e-01,3.23236e-01,2.79372e-03,2.66267e-03,2.62412e-03
1.41790e+08,3.24818e-01,3.21305e-01,2.81697e-03,2.68295e-03,2.64356e-03
1.42759e+08,3.22653e-01,3.19370e-01,2.84019e-03,2.70313e-03,2.66289e-03
1.43735e+08,3.20470e-01,3.17431e-01,2.86338e-03,2.72323e-03,2.68211e-03
1.44717e+08,3.18271e-01,3.15489e-01,2.88652e-03,2.74321e-03,2.70121e-03
1.45706e+08,3.16055e-01,3.13545e-01,2.90961e-03,2.76309e-03,2.72019e-03
1.46702e+08,3.13822e-01,3.11599e-01,2.93264e-03,2.78285e-03,2.73903e-03
1.47705e+08,3.11572e-01,3.09653e-01,2.95561e-03,2.80248e-03,2.75773e-03
1.48715e+08,3.09306e-01,3.07705e-01,2.97850e-03,2.82198e-03,2.77628e-03
1.49732e+08,3.07023e-01,3.05758e-01,3.00132e-03,2.84133e-03,2.79467e-03
1.50755e+08,3.04724e-01,3.03811e-01,3.02404e-03,2.86053e-03,2.81289e-03
1.51786e+08,3.02408e-01,3.01866e-01,3.04667e-03,2.87957e-03,2.83094e-03
1.52823e+08,3.00077e-01,2.99923e-01,3.06919e-03,2.89843e-03,2.84879e-03
1.53868e+08,2.97730e-01,2.97983e-01,3.09159e-03,2.91712e-03,2.86645e-03
1.54920e+08,2.95368e-01,2.96047e-01,3.11388e-03,2.93561e-03,2.88391e-03
1.55979e+08,2.92989e-01,2.94115e-01,3.13602e-03,2.95391e-03,2.90114e-03
1.57045e+08,2.90596e-01,2.92188e-01,3.15803e-03,2.97199e-03,2.91815e-03
1.58118e+08,2.88187e-01,2.90266e-01,3.17988e-03,2.98986e-03,2.93493e-03
1.59199e+08,2.85763e-01,2.88351e-01,3.20157e-03,3.00749e-03,2.95145e-03
1.60288e+08,2.83324e-01,2.86443e-01,3.22308e-03,3.02488e-03,2.96772e-03
1.61383e+08,2.80870e-01,2.84544e-01,3.24441e-03,3.04201e-03,2.98371e-03
1.62486e+08,2.78401e-01,2.82653e-01,3.26554e-03,3.05888e-03,2.99943e-03
1.63597e+08,2.75918e-01,2.80772e-01,3.28647e-03,3.07547e-03,3.01485e-03
1.64716e+08,2.73421e-01,2.78901e-01,3.30717e-03,3.09177e-03,3.02996e-03
1.65841e+08,2.70909e-01,2.77042e-01,3.32764e-03,3.10776e-03,3.04475e-03
1.66975e+08,2.68382e-01,2.75195e-01,3.34786e-03,3.12344e-03,3.05921e-03
1.68117e+08,2.65842e-01,2.73361e-01,3.36782e-03,3.13878e-03,3.07332e-03
1.69266e+08,2.63287e-01,2.71541e-01,3.38750e-03,3.15378e-03,3.08707e-03
1.70423e+08,2.60718e-01,2.69735e-01,3.40690e-03,3.16842e-03,3.10044e-03
1.71588e+08,2.58135e-01,2.67946e-01,3.42598e-03,3.18268e-03,3.11343e-03
1.72761e+08,2.55538e-01,2.66172e-01,3.44474e-03,3.19654e-03,3.12600e-03
1.73942e+08,2.52927e-01,2.64417e-01,3.46316e-03,3.21000e-03,3.13815e-03
1.75131e+08,2.50302e-01,2.62680e-01,3.48123e-03,3.22303e-03,3.14986e-03
1.76328e+08,2.47663e-01,2.60962e-01,3.49891e-03,3.23561e-03,3.16111e-03
1.77533e+08,2.45010e-01,2.59264e-01,3.51619e-03,3.24773e-03,3.17188e-03
1.78747e+08,2.42343e-01,2.57588e-01,3.53306e-03,3.25936e-03,3.18215e-03
1.79969e+08,2.39661e-01,2.55935e-01,3.54949e-03,3.27049e-03,3.19191e-03
1.81199e+08,2.36966e-01,2.54305e-01,3.56545e-03,3.28109e-03,3.20113e-03
1.82438e+08,2.34255e-01,2.52699e-01,3.58093e-03,3.29114e-03,3.20979e-03
1.83685e+08,2.31531e-01,2.51119e-01,3.59589e-03,3.30062e-03,3.21787e-03
1.84940e+08,2.28791e-01,2.49565e-01,3.61031e-03,3.30950e-03,3.22534e-03
1.86205e+08,2.26037e-01,2.48040e-01,3.62416e-03,3.31776e-03,3.23217e-03
1.87477e+08,2.23268e-01,2.46543e-01,3.63742e-03,3.32536e-03,3.23835e-03
1.88759e+08,2.20483e-01,2.45077e-01,3.65004e-03,3.33229e-03,3.24385e-03
1.90049e+08,2.17683e-01,2.43642e-01,3.66201e-03,3.33851e-03,3.24863e-03
1.91348e+08,2.14866e-01,2.42240e-01,3.67328e-03,3.34399e-03,3.25267e-03
1.92656e+08,2.12034e-01,2.40872e-01,3.68381e-03,3.34870e-03,3.25594e-03
1.93973e+08,2.09185e-01,2.39540e-01,3.69358e-03,3.35261e-03,3.25840e-03
1.95299e+08,2.06319e-01,2.38244e-01,3.70254e-03,3.35567e-03,3.26002e-03
1.96634e+08,2.03436e-01,2.36987e-01,3.71064e-03,3.35786e-03,3.26077e-03
1.97979e+08,2.00535e-01,2.35770e-01,3.71785e-03,3.35913e-03,3.26060e-03
1.99332e+08,1.97616e-01,2.34594e-01,3.72411e-03,3.35945e-03,3.25949e-03
2.00695e+08,1.94678e-01,2.33461e-01,3.72939e-03,3.35877e-03,3.25739e-03
2.02066e+08,1.91721e-01,2.32373e-01,3.73362e-03,3.35705e-03,3.25426e-03
2.03448e+08,1.88745e-01,2.31333e-01,3.73675e-03,3.35425e-03,3.25006e-03
2.04838e+08,1.85749e-01,2.30340e-01,3.73874e-03,3.35032e-03,3.24474e-03
2.06239e+08,1.82733e-01,2.29399e-01,3.73952e-03,3.34520e-03,3.23826e-03
2.07648e+08,1.79696e-01,2.28511e-01,3.73903e-03,3.33886e-03,3.23058e-03
2.09068e+08,1.76637e-01,2.27678e-01,3.73721e-03,3.33125e-03,3.22164e-03
2.10497e+08,1.73558e-01,2.26903e-01,3.73401e-03,3.32230e-03,3.21140e-03
2.11936e+08,1.70456e-01,2.26188e-01,3.72935e-03,3.31198e-03,3.19982e-03
2.13385e+08,1.67333e-01,2.25536e-01,3.72318e-03,3.30023e-03,3.18684e-03
2.14843e+08,1.64187e-01,2.24950e-01,3.71544e-03,3.28700e-03,3.17242e-03
2.16312e+08,1.61020e-01,2.24434e-01,3.70605e-03,3.27224e-03,3.15652e-03
2.17791e+08,1.57832e-01,2.23990e-01,3.69497e-03,3.25592e-03,3.13910e-03
2.19279e+08,1.54623e-01,2.23623e-01,3.68214e-03,3.23800e-03,3.12013e-03
2.20778e+08,1.51395e-01,2.23336e-01,3.66753e-03,3.21844e-03,3.09957e-03
2.22288e+08,1.48148e-01,2.23134e-01,3.65108e-03,3.19723e-03,3.07742e-03
2.23807e+08,1.44886e-01,2.23021e-01,3.63280e-03,3.17435e-03,3.05366e-03
2.25337e+08,1.41611e-01,2.23002e-01,3.61268e-03,3.14983e-03,3.02832e-03
2.26877e+08,1.38328e-01,2.23084e-01,3.59075e-03,3.12370e-03,3.00143e-03
2.28428e+08,1.35040e-01,2.23271e-01,3.56708e-03,3.09602e-03,2.97306e-03
2.29990e+08,1.31756e-01,2.23571e-01,3.54178e-03,3.06691e-03,2.94332e-03
2.31562e+08,1.28483e-01,2.23990e-01,3.51504e-03,3.03654e-03,2.91237e-03
2.33145e+08,1.25233e-01,2.24537e-01,3.48711e-03,3.00513e-03,2.88044e-03
2.34739e+08,1.22020e-01,2.25221e-01,3.45836e-03,2.97301e-03,2.84783e-03
2.36343e+08,1.18861e-01,2.26050e-01,3.42929e-03,2.94061e-03,2.81497e-03
2.37959e+08,1.15778e-01,2.27037e-01,3.40057e-03,2.90851e-03,2.78242e-03
2.39585e+08,1.12801e-01,2.28192e-01,3.37310e-03,2.87748e-03,2.75089e-03
2.41223e+08,1.09964e-01,2.29529e-01,3.34805e-03,2.84850e-03,2.72133e-03
2.42872e+08,1.07311e-01,2.31064e-01,3.32694e-03,2.82285e-03,2.69496e-03
2.44532e+08,1.04895e-01,2.32812e-01,3.31171e-03,2.80214e-03,2.67331e-03
2.46204e+08,1.02783e-01,2.34793e-01,3.30483e-03,2.78841e-03,2.65831e-03
2.47887e+08,1.01052e-01,2.37027e-01,3.30937e-03,2.78418e-03,2.65235e-03
2.49582e+08,9.97974e-02,2.39540e-01,3.32909e-03,2.79252e-03,2.65833e-03
2.51288e+08,9.91255e-02,2.42358e-01,3.36851e-03,2.81710e-03,2.67972e-03
2.53005e+08,9.91582e-02,2.45514e-01,3.43295e-03,2.86219e-03,2.72053e-03
2.54735e+08,1.00028e-01,2.49042e-01,3.52849e-03,2.93263e-03,2.78531e-03
2.56476e+08,1.01875e-01,2.52984e-01,3.66189e-03,3.03377e-03,2.87910e-03
2.58229e+08,1.04843e-01,2.57389e-01,3.84050e-03,3.17137e-03,3.00727e-03
2.59995e+08,1.09075e-01,2.62312e-01,4.07218e-03,3.35147e-03,3.17546e-03
2.61772e+08,1.14710e-01,2.67819e-01,4.36521e-03,3.58041e-03,3.38955e-03
2.63561e+08,1.21888e-01,2.73985e-01,4.72840e-03,3.86482e-03,3.65572e-03
2.65363e+08,1.30755e-01,2.80901e-01,5.17135e-03,4.21186e-03,3.98056e-03
2.67177e+08,1.41466e-01,2.88674e-01,5.70482e-03,4.62949e-03,4.37142e-03
2.69003e+08,1.54205e-01,2.97432e-01,6.34130e-03,5.12692e-03,4.83682e-03
2.70842e+08,1.69189e-01,3.07325e-01,7.09573e-03,5.71513e-03,5.38686e-03
2.72694e+08,1.86693e-01,3.18537e-01,7.98636e-03,6.40754e-03,6.03395e-03
2.74558e+08,2.07060e-01,3.31286e-01,9.03579e-03,7.22080e-03,6.79342e-03
2.76434e+08,2.30724e-01,3.45836e-01,1.02723e-02,8.17569e-03,7.68446e-03
2.78324e+08,2.58233e-01,3.62502e-01,1.17313e-02,9.29826e-03,8.73112e-03
2.80227e+08,2.90272e-01,3.81657e-01,1.34574e-02,1.06211e-02,9.96348e-03
2.82142e+08,3.27690e-01,4.03732e-01,1.55060e-02,1.21849e-02,1.14189e-02
2.84071e+08,3.71509e-01,4.29197e-01,1.79451e-02,1.40391e-02,1.31431e-02
2.86013e+08,4.22899e-01,4.58517e-01,2.08553e-02,1.62418e-02,1.51894e-02
2.87968e+08,4.83069e-01,4.92015e-01,2.43253e-02,1.88561e-02,1.76157e-02
2.89936e+08,5.52939e-01,5.29598e-01,2.84355e-02,2.19374e-02,2.04722e-02
2.91918e+08,6.32419e-01,5.70219e-01,3.32195e-02,2.55033e-02,2.37738e-02
2.93914e+08,7.19054e-01,6.10996e-01,3.85855e-02,2.94751e-02,2.74456e-02
2.95923e+08,8.06110e-01,6.46224e-01,4.41981e-02,3.35900e-02,3.12416e-02
2.97946e+08,8.81448e-01,6.67364e-01,4.93889e-02,3.73384e-02,3.46876e-02
2.99983e+08,9.30199e-01,6.65846e-01,5.32731e-02,4.00587e-02,3.71710e-02
3.02033e+08,9.42470e-01,6.38469e-01,5.51796e-02,4.12641e-02,3.82434e-02
3.04098e+08,9.19922e-01,5.90370e-01,5.50710e-02,4.09506e-02,3.79065e-02
3.06177e+08,8.73617e-01,5.31628e-01,5.34858e-02,3.95417e-02,3.65568e-02
3.08270e+08,8.16298e-01,4.71460e-01,5.11210e-02,3.75692e-02,3.46891e-02
3.10377e+08,7.57215e-01,4.15436e-01,4.85169e-02,3.54383e-02,3.26792e-02
3.12499e+08,7.01386e-01,3.65843e-01,4.59883e-02,3.33813e-02,3.07419e-02
3.14635e+08,6.50863e-01,3.23020e-01,4.36809e-02,3.15031e-02,2.89732e-02
3.16786e+08,6.06075e-01,2.86418e-01,4.16428e-02,2.98353e-02,2.74019e-02
3.18951e+08,5.66703e-01,2.55201e-01,3.98734e-02,2.83742e-02,2.60237e-02
3.21131e+08,5.32152e-01,2.28518e-01,3.83516e-02,2.71015e-02,2.48211e-02
3.23326e+08,5.01773e-01,2.05608e-01,3.70498e-02,2.59944e-02,2.37727e-02
3.25537e+08,4.74958e-01,1.85829e-01,3.59400e-02,2.50305e-02,2.28574e-02
3.27762e+08,4.51174e-01,1.68654e-01,3.49969e-02,2.41894e-02,2.20562e-02
3.30003e+08,4.29968e-01,1.53650e-01,3.41984e-02,2.34537e-02,2.13525e-02
3.32258e+08,4.10956e-01,1.40470e-01,3.35256e-02,2.28083e-02,2.07325e-02
3.34530e+08,3.93823e-01,1.28828e-01,3.29628e-02,2.22406e-02,2.01843e-02
3.36816e+08,3.78303e-01,1.18493e-01,3.24969e-02,2.17402e-02,1.96981e-02
3.39119e+08,3.64175e-01,1.09275e-01,3.21169e-02,2.12981e-02,1.92656e-02
3.41437e+08,3.51255e-01,1.01017e-01,3.18138e-02,2.09070e-02,1.88798e-02
3.43771e+08,3.39387e-01,9.35895e-02,3.15799e-02,2.05605e-02,1.85348e-02
3.46121e+08,3.28442e-01,8.68829e-02,3.14091e-02,2.02532e-02,1.82258e-02
3.48487e+08,3.18307e-01,8.08066e-02,3.12963e-02,1.99808e-02,1.79483e-02
3.50869e+08,3.08888e-01,7.52835e-02,3.12371e-02,1.97393e-02,1.76989e-02
3.53268e+08,3.00104e-01,7.02481e-02,3.12281e-02,1.95254e-02,1.74745e-02
3.55682e+08,2.91887e-01,6.56446e-02,3.12667e-02,1.93363e-02,1.72722e-02
3.58114e+08,2.84174e-01,6.14251e-02,3.13505e-02,1.91695e-02,1.70898e-02
3.60562e+08,2.76915e-01,5.75481e-02,3.14778e-02,1.90228e-02,1.69254e-02
3.63027e+08,2.70064e-01,5.39778e-02,3.16475e-02,1.88944e-02,1.67770e-02
3.65508e+08,2.63580e-01,5.06830e-02,3.18588e-02,1.87826e-02,1.66431e-02
3.68007e+08,2.57429e-01,4.76364e-02,3.21111e-02,1.86859e-02,1.65224e-02
3.70522e+08,2.51580e-01,4.48141e-02,3.24045e-02,1.86031e-02,1.64136e-02
3.73055e+08,2.46004e-01,4.21950e-02,3.27392e-02,1.85330e-02,1.63156e-02
3.75605e+08,2.40677e-01,3.97605e-02,3.31158e-02,1.84745e-02,1.62274e-02
3.78173e+08,2.35577e-01,3.74940e-02,3.35352e-02,1.84267e-02,1.61481e-02
3.80758e+08,2.30685e-01,3.53808e-02,3.39988e-02,1.83888e-02,1.60769e-02
3.83361e+08,2.25982e-01,3.34078e-02,3.45081e-02,1.83600e-02,1.60130e-02
3.85981e+08,2.21452e-01,3.15633e-02,3.50653e-02,1.83395e-02,1.59558e-02
3.88620e+08,2.17081e-01,2.98366e-02,3.56726e-02,1.83266e-02,1.59044e-02
3.91276e+08,2.12854e-01,2.82183e-02,3.63331e-02,1.83208e-02,1.58584e-02
3.93951e+08,2.08758e-01,2.66997e-02,3.70500e-02,1.83214e-02,1.58172e-02
3.96644e+08,2.04783e-01,2.52732e-02,3.78272e-02,1.83278e-02,1.57801e-02
3.99355e+08,2.00918e-01,2.39316e-02,3.86694e-02,1.83395e-02,1.57466e-02
4.02085e+08,1.97151e-01,2.26686e-02,3.95816e-02,1.83557e-02,1.57161e-02
4.04834e+08,1.93472e-01,2.14782e-02,4.05700e-02,1.83760e-02,1.56880e-02
4.07601e+08,1.89874e-01,2.03552e-02,4.16414e-02,1.83997e-02,1.56618e-02
4.10388e+08,1.86344e-01,1.92945e-02,4.28042e-02,1.84262e-02,1.56369e-02
4.13193e+08,1.82876e-01,1.82917e-02,4.40675e-02,1.84546e-02,1.56125e-02
4.16017e+08,1.79459e-01,1.73426e-02,4.54423e-02,1.84843e-02,1.55879e-02
4.18861e+08,1.76084e-01,1.64433e-02,4.69416e-02,1.85143e-02,1.55625e-02
4.21724e+08,1.72740e-01,1.55902e-02,4.85803e-02,1.85437e-02,1.55353e-02
4.24607e+08,1.69419e-01,1.47799e-02,5.03762e-02,1.85714e-02,1.55053e-02
4.27510e+08,1.66107e-01,1.40092e-02,5.23505e-02,1.85960e-02,1.54714e-02
4.30432e+08,1.62793e-01,1.32752e-02,5.45287e-02,1.86159e-02,1.54324e-02
4.33375e+08,1.59464e-01,1.25748e-02,5.69413e-02,1.86292e-02,1.53866e-02
4.36337e+08,1.56102e-01,1.19054e-02,5.96257e-02,1.86338e-02,1.53322e-02
4.39320e+08,1.52690e-01,1.12641e-02,6.26279e-02,1.86268e-02,1.52670e-02
4.42323e+08,1.49205e-01,1.06482e-02,6.60050e-02,1.86048e-02,1.51883e-02
4.45346e+08,1.45620e-01,1.00548e-02,6.98290e-02,1.85633e-02,1.50926e-02
4.48391e+08,1.41902e-01,9.48095e-03,7.41918e-02,1.84969e-02,1.49755e-02
4.51456e+08,1.38008e-01,8.92339e-03,7.92127e-02,1.83982e-02,1.48315e-02
4.54542e+08,1.33884e-01,8.37843e-03,8.50491e-02,1.82577e-02,1.46530e-02
4.57649e+08,1.29455e-01,7.84171e-03,9.19134e-02,1.80624e-02,1.44303e-02
4.60778e+08,1.24621e-01,7.30782e-03,1.00099e-01,1.77943e-02,1.41496e-02
4.63927e+08,1.19240e-01,6.76973e-03,1.10023e-01,1.74278e-02,1.37916e-02
4.67099e+08,1.13108e-01,6.21776e-03,1.22298e-01,1.69255e-02,1.33278e-02
4.70292e+08,1.05910e-01,5.63788e-03,1.37865e-01,1.62300e-02,1.27150e-02
4.73506e+08,9.71491e-02,5.00836e-03,1.58241e-01,1.52496e-02,1.18844e-02
4.76743e+08,8.59867e-02,4.29346e-03,1.86037e-01,1.38293e-02,1.07193e-02
4.80002e+08,7.09314e-02,3.43063e-03,2.26165e-01,1.16915e-02,9.01193e-03
4.83283e+08,4.94109e-02,2.31503e-03,2.89022e-01,8.34907e-03,6.39868e-03
4.86587e+08,2.66006e-02,1.20743e-03,4.00876e-01,4.60906e-03,3.51150e-03
4.89913e+08,9.65839e-02,4.24763e-03,6.49331e-01,1.71656e-02,1.29983e-02
4.93262e+08,4.07156e-01,1.73505e-02,1.43343e+00,7.42473e-02,5.58690e-02
4.96634e+08,5.29389e-01,2.18610e-02,1.25331e+00,9.90826e-02,7.40734e-02
5.00029e+08,3.29295e-01,1.31783e-02,5.87911e-01,6.32781e-02,4.69895e-02
5.03447e+08,2.57239e-01,9.97750e-03,3.69354e-01,5.07692e-02,3.74398e-02
5.06889e+08,2.21963e-01,8.34469e-03,2.67040e-01,4.50084e-02,3.29543e-02
5.10354e+08,2.00839e-01,7.31903e-03,2.08284e-01,4.18573e-02,3.04206e-02
5.13842e+08,1.86540e-01,6.59000e-03,1.70263e-01,3.99736e-02,2.88295e-02
5.17355e+08,1.76038e-01,6.02918e-03,1.43679e-01,3.88026e-02,2.77634e-02
5.20891e+08,1.67863e-01,5.57408e-03,1.24056e-01,3.80754e-02,2.70198e-02
5.24452e+08,1.61216e-01,5.19066e-03,1.08979e-01,3.76464e-02,2.64885e-02
5.28037e+08,1.55627e-01,4.85877e-03,9.70340e-02,3.74307e-02,2.61048e-02
5.31647e+08,1.50802e-01,4.56564e-03,8.73361e-02,3.73753e-02,2.58281e-02
5.35281e+08,1.46547e-01,4.30279e-03,7.93051e-02,3.74460e-02,2.56317e-02
5.38940e+08,1.42727e-01,4.06431e-03,7.25441e-02,3.76200e-02,2.54971e-02
5.42624e+08,1.39249e-01,3.84595e-03,6.67729e-02,3.78814e-02,2.54114e-02
5.46333e+08,1.36042e-01,3.64456e-03,6.17875e-02,3.82195e-02,2.53652e-02
5.50068e+08,1.33056e-01,3.45771e-03,5.74366e-02,3.86267e-02,2.53512e-02
5.53828e+08,1.30250e-01,3.28352e-03,5.36049e-02,3.90980e-02,2.53641e-02
5.57614e+08,1.27594e-01,3.12049e-03,5.02035e-02,3.96300e-02,2.53996e-02
5.61426e+08,1.25063e-01,2.96739e-03,4.71624e-02,4.02209e-02,2.54544e-02
5.65264e+08,1.22637e-01,2.82322e-03,4.44260e-02,4.08699e-02,2.55255e-02
5.69128e+08,1.20299e-01,2.68711e-03,4.19493e-02,4.15771e-02,2.56108e-02
5.73018e+08,1.18036e-01,2.55834e-03,3.96956e-02,4.23436e-02,2.57082e-02
5.76935e+08,1.15836e-01,2.43631e-03,3.76348e-02,4.31711e-02,2.58161e-02
5.80879e+08,1.13690e-01,2.32045e-03,3.57418e-02,4.40620e-02,2.59329e-02
5.84850e+08,1.11587e-01,2.21030e-03,3.39954e-02,4.50196e-02,2.60572e-02
5.88848e+08,1.09522e-01,2.10543e-03,3.23777e-02,4.60477e-02,2.61877e-02
5.92873e+08,1.07486e-01,2.00546e-03,3.08736e-02,4.71510e-02,2.63230e-02
5.96926e+08,1.05472e-01,1.91005e-03,2.94699e-02,4.83351e-02,2.64619e-02
6.01006e+08,1.03475e-01,1.81889e-03,2.81553e-02,4.96065e-02,2.66029e-02
6.05114e+08,1.01489e-01,1.73168e-03,2.69197e-02,5.09727e-02,2.67447e-02
6.09251e+08,9.95067e-02,1.64817e-03,2.57546e-02,5.24424e-02,2.68857e-02
6.13416e+08,9.75234e-02,1.56810e-03,2.46521e-02,5.40258e-02,2.70240e-02
6.17609e+08,9.55324e-02,1.49125e-03,2.36053e-02,5.57347e-02,2.71579e-02
6.21831e+08,9.35274e-02,1.41740e-03,2.26079e-02,5.75829e-02,2.72849e-02
6.26081e+08,9.15015e-02,1.34632e-03,2.16542e-02,5.95866e-02,2.74026e-02
6.30361e+08,8.94471e-02,1.27782e-03,2.07389e-02,6.17646e-02,2.75077e-02
6.34670e+08,8.73559e-02,1.21171e-03,1.98569e-02,6.41394e-02,2.75967e-02
6.39009e+08,8.52185e-02,1.14777e-03,1.90035e-02,6.67377e-02,2.76651e-02
6.43377e+08,8.30239e-02,1.08582e-03,1.81739e-02,6.95912e-02,2.77078e-02
6.47775e+08,8.07596e-02,1.02564e-03,1.73635e-02,7.27386e-02,2.77181e-02
6.52203e+08,7.84107e-02,9.67026e-04,1.65675e-02,7.62267e-02,2.76881e-02
6.56661e+08,7.59591e-02,9.09744e-04,1.57808e-02,8.01133e-02,2.76080e-02
6.61150e+08,7.33829e-02,8.53544e-04,1.49980e-02,8.44700e-02,2.74652e-02
6.65669e+08,7.06552e-02,7.98142e-04,1.42127e-02,8.93873e-02,2.72438e-02
6.70220e+08,6.77416e-02,7.43208e-04,1.34178e-02,9.49806e-02,2.69234e-02
6.74801e+08,6.45984e-02,6.88351e-04,1.26047e-02,1.01399e-01,2.64771e-02
6.79414e+08,6.11688e-02,6.33087e-04,1.17628e-02,1.08842e-01,2.58695e-02
6.84059e+08,5.73767e-02,5.76804e-04,1.08782e-02,1.17574e-01,2.50525e-02
6.88735e+08,5.31193e-02,5.18701e-04,9.93308e-03,1.27965e-01,2.39598e-02
6.93443e+08,4.82534e-02,4.57696e-04,8.90289e-03,1.40539e-01,2.24983e-02
6.98183e+08,4.25771e-02,3.92303e-04,7.75362e-03,1.56067e-01,2.05341e-02
7.02956e+08,3.58051e-02,3.20479e-04,6.43794e-03,1.75728e-01,1.78742e-02
7.07761e+08,2.75734e-02,2.39754e-04,4.89677e-03,2.01427e-01,1.42586e-02
7.12599e+08,1.78518e-02,1.50796e-04,3.13224e-03,2.36436e-01,9.56997e-03
7.17470e+08,1.28788e-02,1.05689e-04,2.23325e-03,2.86869e-01,7.16326e-03
7.22375e+08,3.12510e-02,2.49156e-04,5.35720e-03,3.65519e-01,1.80503e-02
7.27313e+08,7.33714e-02,5.68332e-04,1.24376e-02,5.03653e-01,4.40497e-02
7.32284e+08,1.65524e-01,1.24570e-03,2.77541e-02,7.94518e-01,1.03397e-01
7.37290e+08,3.91696e-01,2.86411e-03,6.49809e-02,1.44468e+00,2.54852e-01
7.42330e+08,3.97659e-01,2.82520e-03,6.52872e-02,1.19239e+00,2.69798e-01
7.47405e+08,2.58019e-01,1.78115e-03,4.19330e-02,6.52823e-01,1.82768e-01
7.52514e+08,1.94345e-01,1.30359e-03,3.12730e-02,4.25950e-01,1.43919e-01
7.57658e+08,1.60804e-01,1.04808e-03,2.56262e-02,3.11309e-01,1.24667e-01
7.62837e+08,1.40096e-01,8.87280e-04,2.21155e-02,2.43197e-01,1.13882e-01
7.68052e+08,1.25843e-01,7.74488e-04,1.96826e-02,1.98239e-01,1.07439e-01
7.73302e+08,1.15250e-01,6.89263e-04,1.78635e-02,1.66358e-01,1.03529e-01
7.78588e+08,1.06912e-01,6.21350e-04,1.64251e-02,1.42549e-01,1.01250e-01
7.83910e+08,1.00047e-01,5.65057e-04,1.52381e-02,1.24058e-01,1.00106e-01
7.89269e+08,9.41878e-02,5.16972e-04,1.42248e-02,1.09246e-01,9.98106e-02
7.94664e+08,8.90339e-02,4.74922e-04,1.33356e-02,9.70802e-02,1.00187e-01
8.00096e+08,8.43839e-02,4.37451e-04,1.25372e-02,8.68737e-02,1.01126e-01
8.05566e+08,8.00952e-02,4.03542e-04,1.18061e-02,7.81543e-02,1.02562e-01
8.11072e+08,7.60629e-02,3.72456e-04,1.11251e-02,7.05847e-02,1.04456e-01
8.16617e+08,7.22059e-02,3.43639e-04,1.04811e-02,6.39173e-02,1.06792e-01
8.22199e+08,6.84591e-02,3.16663e-04,9.86362e-03,5.79649e-02,1.09568e-01
8.27819e+08,6.47673e-02,2.91184e-04,9.26402e-03,5.25829e-02,1.12797e-01
8.33478e+08,6.10814e-02,2.66915e-04,8.67474e-03,4.76563e-02,1.16507e-01
8.39176e+08,5.73556e-02,2.43612e-04,8.08892e-03,4.30913e-02,1.20735e-01
8.44912e+08,5.35445e-02,2.21058e-04,7.49996e-03,3.88095e-02,1.25536e-01
8.50688e+08,4.96016e-02,1.99050e-04,6.90126e-03,3.47431e-02,1.30980e-01
8.56503e+08,4.54767e-02,1.77394e-04,6.28592e-03,3.08313e-02,1.37158e-01
8.62358e+08,4.11140e-02,1.55894e-04,5.64643e-03,2.70181e-02,1.44185e-01
8.68253e+08,3.64506e-02,1.34351e-04,4.97449e-03,2.32496e-02,1.52209e-01
8.74188e+08,3.14160e-02,1.12561e-04,4.26096e-03,1.94737e-02,1.61421e-01
8.80164e+08,2.59366e-02,9.03363e-05,3.49651e-03,1.56424e-02,1.72068e-01
8.86180e+08,1.99646e-02,6.75972e-05,2.67548e-03,1.17279e-02,1.84479e-01
8.92238e+08,1.36330e-02,4.48726e-05,1.81634e-03,7.80828e-03,1.99094e-01
8.98337e+08,8.37004e-03,2.67824e-05,1.10879e-03,4.67860e-03,2.16518e-01
9.04478e+08,1.05633e-02,3.28595e-05,1.39151e-03,5.76768e-03,2.37604e-01
9.10661e+08,2.03968e-02,6.16828e-05,2.67212e-03,1.08878e-02,2.63592e-01
9.16886e+08,3.42861e-02,1.00802e-04,4.46753e-03,1.79069e-02,2.96351e-01
9.23154e+08,5.25246e-02,1.50131e-04,6.80787e-03,2.68607e-02,3.38829e-01
9.29464e+08,7.69695e-02,2.13889e-04,9.92450e-03,3.85684e-02,3.95941e-01
9.35818e+08,1.11267e-01,3.00609e-04,1.42738e-02,5.46675e-02,4.76466e-01
9.42215e+08,1.62689e-01,4.27335e-04,2.07661e-02,7.84244e-02,5.97506e-01
9.48656e+08,2.47206e-01,6.31319e-04,3.13994e-02,1.16989e-01,7.95883e-01
9.55141e+08,4.02686e-01,9.99868e-04,5.09019e-02,1.87196e-01,1.15557e+00
9.61670e+08,6.80148e-01,1.64199e-03,8.55683e-02,3.10752e-01,1.76262e+00
9.68244e+08,7.64844e-01,1.79529e-03,9.57770e-02,3.43630e-01,1.80901e+00
9.74862e+08,5.45264e-01,1.24443e-03,6.79691e-02,2.41018e-01,1.18731e+00
9.81526e+08,3.98590e-01,8.84500e-04,4.94633e-02,1.73421e-01,8.04884e-01
9.88236e+08,3.16265e-01,6.82393e-04,3.90746e-02,1.35505e-01,5.95927e-01
9.94991e+08,2.65693e-01,5.57416e-04,3.26846e-02,1.12151e-01,4.69639e-01
1.00179e+09,2.31826e-01,4.72917e-04,2.83975e-02,9.64459e-02,3.86183e-01
1.00864e+09,2.07614e-01,4.11820e-04,2.53257e-02,8.51632e-02,3.27261e-01
1.01554e+09,1.89432e-01,3.65373e-04,2.30132e-02,7.66458e-02,2.83562e-01
1.02248e+09,1.75251e-01,3.28685e-04,2.12048e-02,6.99671e-02,2.49916e-01
1.02947e+09,1.63854e-01,2.98826e-04,1.97474e-02,6.45719e-02,2.23238e-01
1.03650e+09,1.54471e-01,2.73940e-04,1.85444e-02,6.01082e-02,2.01582e-01
1.04359e+09,1.46591e-01,2.52794e-04,1.75312e-02,5.63425e-02,1.83659e-01
1.05072e+09,1.39863e-01,2.34540e-04,1.66638e-02,5.31138e-02,1.68587e-01
1.05791e+09,1.34035e-01,2.18571e-04,1.59106e-02,5.03076e-02,1.55739e-01
1.06514e+09,1.28926e-01,2.04447e-04,1.52487e-02,4.78403e-02,1.44659e-01
1.07242e+09,1.24400e-01,1.91836e-04,1.46610e-02,4.56491e-02,1.35007e-01
1.07975e+09,1.20354e-01,1.80485e-04,1.41345e-02,4.36864e-02,1.26526e-01
1.08713e+09,1.16706e-01,1.70197e-04,1.36589e-02,4.19151e-02,1.19015e-01
1.09456e+09,1.13394e-01,1.60817e-04,1.32264e-02,4.03059e-02,1.12317e-01
1.10204e+09,1.10368e-01,1.52219e-04,1.28306e-02,3.88353e-02,1.06309e-01
1.10958e+09,1.07587e-01,1.44303e-04,1.24664e-02,3.74844e-02,1.00889e-01
1.11716e+09,1.05017e-01,1.36984e-04,1.21295e-02,3.62377e-02,9.59745e-02
1.12480e+09,1.02632e-01,1.30194e-04,1.18165e-02,3.50822e-02,9.14992e-02
1.13249e+09,1.00409e-01,1.23874e-04,1.15246e-02,3.40072e-02,8.74065e-02
1.14023e+09,9.83280e-02,1.17975e-04,1.12512e-02,3.30037e-02,8.36497e-02
1.14802e+09,9.63735e-02,1.12455e-04,1.09944e-02,3.20640e-02,8.01892e-02
1.15587e+09,9.45319e-02,1.07278e-04,1.07524e-02,3.11815e-02,7.69913e-02
1.16377e+09,9.27913e-02,1.02413e-04,1.05237e-02,3.03505e-02,7.40274e-02
1.17173e+09,9.11416e-02,9.78332e-05,1.03070e-02,2.95662e-02,7.12727e-02
1.17974e+09,8.95741e-02,9.35137e-05,1.01013e-02,2.88242e-02,6.87059e-02
1.18780e+09,8.80811e-02,8.94338e-05,9.90538e-03,2.81209e-02,6.63085e-02
1.19592e+09,8.66560e-02,8.55751e-05,9.71855e-03,2.74530e-02,6.40643e-02
1.20410e+09,8.52928e-02,8.19209e-05,9.54003e-03,2.68175e-02,6.19590e-02
1.21233e+09,8.39865e-02,7.84564e-05,9.36914e-03,2.62119e-02,5.99802e-02
1.22062e+09,8.27324e-02,7.51683e-05,9.20528e-03,2.56340e-02,5.81168e-02
1.22896e+09,8.15264e-02,7.20445e-05,9.04794e-03,2.50815e-02,5.63590e-02
1.23736e+09,8.03650e-02,6.90741e-05,8.89663e-03,2.45528e-02,5.46982e-02
1.24582e+09,7.92448e-02,6.62474e-05,8.75093e-03,2.40461e-02,5.31264e-02
1.25433e+09,7.81630e-02,6.35552e-05,8.61046e-03,2.35599e-02,5.16367e-02
1.26291e+09,7.71168e-02,6.09895e-05,8.47487e-03,2.30929e-02,5.02229e-02
1.27154e+09,7.61040e-02,5.85425e-05,8.34386e-03,2.26439e-02,4.88793e-02
1.28023e+09,7.51223e-02,5.62075e-05,8.21712e-03,2.22117e-02,4.76007e-02
1.28899e+09,7.41698e-02,5.39780e-05,8.09442e-03,2.17953e-02,4.63826e-02
1.29780e+09,7.32447e-02,5.18481e-05,7.97550e-03,2.13937e-02,4.52208e-02
1.30667e+09,7.23454e-02,4.98124e-05,7.86015e-03,2.10062e-02,4.41114e-02
1.31560e+09,7.14703e-02,4.78657e-05,7.74818e-03,2.06318e-02,4.30509e-02
1.32459e+09,7.06182e-02,4.60035e-05,7.63939e-03,2.02700e-02,4.20363e-02
1.33365e+09,6.97878e-02,4.42213e-05,7.53363e-03,1.99199e-02,4.10645e-02
1.34277e+09,6.89778e-02,4.25150e-05,7.43074e-03,1.95810e-02,4.01328e-02
1.35194e+09,6.81874e-02,4.08809e-05,7.33057e-03,1.92527e-02,3.92389e-02
1.36119e+09,6.74154e-02,3.93152e-05,7.23299e-03,1.89345e-02,3.83805e-02
1.37049e+09,6.66609e-02,3.78148e-05,7.13787e-03,1.86258e-02,3.75555e-02
1.37986e+09,6.59232e-02,3.63764e-05,7.04511e-03,1.83262e-02,3.67620e-02
1.38929e+09,6.52014e-02,3.49970e-05,6.95459e-03,1.80353e-02,3.59981e-02
1.39879e+09,6.44948e-02,3.36740e-05,6.86621e-03,1.77526e-02,3.52623e-02
1.40835e+09,6.38027e-02,3.24047e-05,6.77988e-03,1.74778e-02,3.45530e-02
1.41798e+09,6.31246e-02,3.11865e-05,6.69552e-03,1.72106e-02,3.38687e-02
1.42767e+09,6.24597e-02,3.00173e-05,6.61304e-03,1.69505e-02,3.32083e-02
1.43743e+09,6.18076e-02,2.88947e-05,6.53237e-03,1.66973e-02,3.25704e-02
1.44726e+09,6.11678e-02,2.78168e-05,6.45343e-03,1.64508e-02,3.19539e-02
1.45715e+09,6.05397e-02,2.67814e-05,6.37615e-03,1.62105e-02,3.13577e-02
1.46711e+09,5.99229e-02,2.57868e-05,6.30047e-03,1.59763e-02,3.07809e-02
1.47714e+09,5.93170e-02,2.48312e-05,6.22634e-03,1.57479e-02,3.02224e-02
1.48724e+09,5.87216e-02,2.39129e-05,6.15369e-03,1.55250e-02,2.96815e-02
1.49740e+09,5.81363e-02,2.30303e-05,6.08247e-03,1.53076e-02,2.91573e-02
1.50764e+09,5.75607e-02,2.21819e-05,6.01263e-03,1.50952e-02,2.86489e-02
1.51794e+09,5.69945e-02,2.13662e-05,5.94413e-03,1.48879e-02,2.81558e-02
1.52832e+09,5.64375e-02,2.05820e-05,5.87691e-03,1.46853e-02,2.76772e-02
1.53877e+09,5.58892e-02,1.98277e-05,5.81093e-03,1.44873e-02,2.72125e-02
1.54929e+09,5.53494e-02,1.91023e-05,5.74616e-03,1.42937e-02,2.67611e-02
1.55988e+09,5.48179e-02,1.84046e-05,5.68255e-03,1.41045e-02,2.63224e-02
1.57054e+09,5.42944e-02,1.77333e-05,5.62007e-03,1.39193e-02,2.58958e-02
1.58128e+09,5.37785e-02,1.70875e-05,5.55868e-03,1.37381e-02,2.54809e-02
1.59209e+09,5.32703e-02,1.64660e-05,5.49835e-03,1.35608e-02,2.50772e-02
1.60297e+09,5.27693e-02,1.58680e-05,5.43904e-03,1.33871e-02,2.46842e-02
1.61393e+09,5.22754e-02,1.52925e-05,5.38073e-03,1.32171e-02,2.43015e-02
1.62496e+09,5.17883e-02,1.47385e-05,5.32339e-03,1.30505e-02,2.39287e-02
1.63607e+09,5.13080e-02,1.42053e-05,5.26699e-03,1.28873e-02,2.35654e-02
1.64725e+09,5.08342e-02,1.36919e-05,5.21150e-03,1.27274e-02,2.32113e-02
1.65851e+09,5.03667e-02,1.31977e-05,5.15689e-03,1.25706e-02,2.28660e-02
1.66985e+09,4.99055e-02,1.27218e-05,5.10315e-03,1.24168e-02,2.25291e-02
1.68126e+09,4.94502e-02,1.22636e-05,5.05025e-03,1.22660e-02,2.22004e-02
1.69276e+09,4.90009e-02,1.18224e-05,4.99816e-03,1.21181e-02,2.18795e-02
1.70433e+09,4.85572e-02,1.13975e-05,4.94687e-03,1.19730e-02,2.15662e-02
1.71598e+09,4.81192e-02,1.09882e-05,4.89635e-03,1.18305e-02,2.12603e-02
1.72771e+09,4.76866e-02,1.05940e-05,4.84659e-03,1.16907e-02,2.09613e-02
1.73952e+09,4.72594e-02,1.02143e-05,4.79757e-03,1.15534e-02,2.06692e-02
1.75141e+09,4.68373e-02,9.84855e-06,4.74926e-03,1.14186e-02,2.03836e-02
1.76338e+09,4.64204e-02,9.49618e-06,4.70166e-03,1.12863e-02,2.01044e-02
1.77544e+09,4.60085e-02,9.15671e-06,4.65474e-03,1.11562e-02,1.98313e-02
1.78757e+09,4.56014e-02,8.82964e-06,4.60848e-03,1.10284e-02,1.95641e-02
1.79979e+09,4.51992e-02,8.51450e-06,4.56288e-03,1.09028e-02,1.93027e-02
1.81209e+09,4.48016e-02,8.21085e-06,4.51791e-03,1.07794e-02,1.90468e-02
1.82448e+09,4.44086e-02,7.91824e-06,4.47357e-03,1.06581e-02,1.87963e-02
1.83695e+09,4.40201e-02,7.63626e-06,4.42983e-03,1.05388e-02,1.85510e-02
1.84951e+09,4.36359e-02,7.36452e-06,4.38669e-03,1.04215e-02,1.83108e-02
1.86215e+09,4.32561e-02,7.10263e-06,4.34413e-03,1.03061e-02,1.80754e-02
1.87488e+09,4.28806e-02,6.85022e-06,4.30214e-03,1.01926e-02,1.78447e-02
1.88770e+09,4.25092e-02,6.60694e-06,4.26071e-03,1.00809e-02,1.76187e-02
1.90060e+09,4.21418e-02,6.37245e-06,4.21982e-03,9.97107e-03,1.73970e-02
1.91360e+09,4.17785e-02,6.14642e-06,4.17946e-03,9.86295e-03,1.71797e-02
1.92668e+09,4.14191e-02,5.92853e-06,4.13963e-03,9.75654e-03,1.69666e-02
1.93985e+09,4.10636e-02,5.71850e-06,4.10031e-03,9.65179e-03,1.67576e-02
1.95311e+09,4.07118e-02,5.51602e-06,4.06149e-03,9.54867e-03,1.65525e-02
1.96646e+09,4.03638e-02,5.32082e-06,4.02316e-03,9.44712e-03,1.63513e-02
1.97990e+09,4.00195e-02,5.13263e-06,3.98532e-03,9.34713e-03,1.61538e-02
1.99343e+09,3.96787e-02,4.95119e-06,3.94794e-03,9.24865e-03,1.59599e-02
2.00706e+09,3.93415e-02,4.77626e-06,3.91103e-03,9.15165e-03,1.57695e-02
2.02078e+09,3.90078e-02,4.60759e-06,3.87458e-03,9.05609e-03,1.55826e-02
2.03459e+09,3.86775e-02,4.44496e-06,3.83857e-03,8.96194e-03,1.53990e-02
2.04850e+09,3.83506e-02,4.28814e-06,3.80300e-03,8.86917e-03,1.52187e-02
2.06251e+09,3.80271e-02,4.13693e-06,3.76786e-03,8.77775e-03,1.50415e-02
2.07661e+09,3.77067e-02,3.99112e-06,3.73314e-03,8.68765e-03,1.48674e-02
2.09080e+09,3.73897e-02,3.85051e-06,3.69883e-03,8.59884e-03,1.46963e-02
2.10509e+09,3.70758e-02,3.71491e-06,3.66493e-03,8.51129e-03,1.45282e-02
2.11948e+09,3.67650e-02,3.58415e-06,3.63143e-03,8.42498e-03,1.43629e-02
2.13397e+09,3.64573e-02,3.45804e-06,3.59833e-03,8.33988e-03,1.42003e-02
2.14856e+09,3.61527e-02,3.33642e-06,3.56560e-03,8.25597e-03,1.40405e-02
2.16325e+09,3.58510e-02,3.21913e-06,3.53326e-03,8.17322e-03,1.38833e-02
2.17803e+09,3.55523e-02,3.10600e-06,3.50129e-03,8.09160e-03,1.37287e-02
2.19292e+09,3.52565e-02,2.99689e-06,3.46969e-03,8.01110e-03,1.35765e-02
2.20791e+09,3.49636e-02,2.89165e-06,3.43845e-03,7.93169e-03,1.34269e-02
2.22301e+09,3.46735e-02,2.79015e-06,3.40756e-03,7.85335e-03,1.32796e-02
2.23820e+09,3.43862e-02,2.69225e-06,3.37703e-03,7.77606e-03,1.31347e-02
2.25350e+09,3.41017e-02,2.59781e-06,3.34683e-03,7.69979e-03,1.29920e-02
2.26891e+09,3.38199e-02,2.50672e-06,3.31697e-03,7.62454e-03,1.28516e-02
2.28442e+09,3.35408e-02,2.41886e-06,3.28745e-03,7.55027e-03,1.27134e-02
2.30003e+09,3.32643e-02,2.33410e-06,3.25825e-03,7.47697e-03,1.25772e-02
2.31575e+09,3.29904e-02,2.25235e-06,3.22937e-03,7.40462e-03,1.24432e-02
2.33158e+09,3.27192e-02,2.17348e-06,3.20081e-03,7.33321e-03,1.23112e-02
2.34752e+09,3.24505e-02,2.09739e-06,3.17257e-03,7.26272e-03,1.21812e-02
2.36357e+09,3.21843e-02,2.02400e-06,3.14463e-03,7.19312e-03,1.20531e-02
2.37973e+09,3.19206e-02,1.95319e-06,3.11699e-03,7.12440e-03,1.19269e-02
2.39599e+09,3.16593e-02,1.88489e-06,3.08965e-03,7.05656e-03,1.18026e-02
2.41237e+09,3.14005e-02,1.81899e-06,3.06260e-03,6.98956e-03,1.16801e-02
2.42886e+09,3.11441e-02,1.75541e-06,3.03585e-03,6.92340e-03,1.15594e-02
2.44547e+09,3.08901e-02,1.69408e-06,3.00938e-03,6.85806e-03,1.14404e-02
2.46218e+09,3.06384e-02,1.63491e-06,2.98319e-03,6.79353e-03,1.13232e-02
2.47901e+09,3.03890e-02,1.57782e-06,2.95728e-03,6.72979e-03,1.12076e-02
2.49596e+09,3.01419e-02,1.52273e-06,2.93164e-03,6.66683e-03,1.10936e-02
2.51302e+09,2.98971e-02,1.46959e-06,2.90627e-03,6.60464e-03,1.09813e-02
2.53020e+09,2.96545e-02,1.41832e-06,2.88116e-03,6.54320e-03,1.08705e-02
2.54750e+09,2.94141e-02,1.36884e-06,2.85632e-03,6.48249e-03,1.07612e-02
2.56491e+09,2.91760e-02,1.32111e-06,2.83174e-03,6.42252e-03,1.06535e-02
2.58244e+09,2.89399e-02,1.27505e-06,2.80741e-03,6.36326e-03,1.05472e-02
2.60010e+09,2.87061e-02,1.23062e-06,2.78333e-03,6.30470e-03,1.04424e-02
2.61787e+09,2.84743e-02,1.18774e-06,2.75950e-03,6.24684e-03,1.03390e-02
2.63577e+09,2.82446e-02,1.14636e-06,2.73591e-03,6.18966e-03,1.02370e-02
2.65378e+09,2.80171e-02,1.10644e-06,2.71257e-03,6.13314e-03,1.01364e-02
2.67192e+09,2.77915e-02,1.06792e-06,2.68946e-03,6.07729e-03,1.00371e-02
2.69019e+09,2.75680e-02,1.03075e-06,2.66659e-03,6.02208e-03,9.93916e-03
2.70858e+09,2.73465e-02,9.94877e-07,2.64395e-03,5.96751e-03,9.84248e-03
2.72709e+09,2.71270e-02,9.60265e-07,2.62153e-03,5.91357e-03,9.74707e-03
2.74574e+09,2.69094e-02,9.26865e-07,2.59935e-03,5.86025e-03,9.65290e-03
2.76451e+09,2.66938e-02,8.94635e-07,2.57738e-03,5.80753e-03,9.55995e-03
2.78340e+09,2.64801e-02,8.63533e-07,2.55564e-03,5.75542e-03,9.46820e-03
2.80243e+09,2.62683e-02,8.33519e-07,2.53412e-03,5.70389e-03,9.37762e-03
2.82159e+09,2.60584e-02,8.04556e-07,2.51281e-03,5.65295e-03,9.28820e-03
2.84087e+09,2.58504e-02,7.76605e-07,2.49171e-03,5.60258e-03,9.19992e-03
2.86029e+09,2.56442e-02,7.49632e-07,2.47082e-03,5.55277e-03,9.11275e-03
2.87985e+09,2.54398e-02,7.23602e-07,2.45013e-03,5.50352e-03,9.02667e-03
2.89953e+09,2.52372e-02,6.98482e-07,2.42965e-03,5.45481e-03,8.94167e-03
2.91935e+09,2.50365e-02,6.74239e-07,2.40937e-03,5.40664e-03,8.85773e-03
2.93931e+09,2.48375e-02,6.50843e-07,2.38930e-03,5.35900e-03,8.77483e-03
2.95940e+09,2.46402e-02,6.28264e-07,2.36941e-03,5.31189e-03,8.69294e-03
2.97963e+09,2.44447e-02,6.06473e-07,2.34973e-03,5.26529e-03,8.61207e-03
3.00000e+09,2.42509e-02,5.85443e-07,2.33023e-03,5.21920e-03,8.53217e-03
