row,col,state,conductance_s
0,0,Ron,1.000000000000e-03
0,1,Roff,1.000000000000e-06
0,2,Ron,1.000000000000e-03
0,3,Roff,1.000000000000e-06
0,4,Ron,1.000000000000e-03
0,5,Ron,1.000000000000e-03
0,6,Ron,1.000000000000e-03
0,7,Ron,1.000000000000e-03
0,8,Ron,1.000000000000e-03
0,9,Roff,1.000000000000e-06
0,10,Ron,1.000000000000e-03
0,11,Ron,1.000000000000e-03
0,12,Ron,1.000000000000e-03
0,13,Ron,1.000000000000e-03
0,14,Ron,1.000000000000e-03
0,15,Roff,1.000000000000e-06
0,16,Roff,1.000000000000e-06
0,17,Ron,1.000000000000e-03
0,18,Ron,1.000000000000e-03
0,19,Roff,1.000000000000e-06
0,20,Ron,1.000000000000e-03
0,21,Ron,1.000000000000e-03
0,22,Ron,1.000000000000e-03
0,23,Roff,1.000000000000e-06
0,24,Ron,1.000000000000e-03
0,25,Ron,1.000000000000e-03
0,26,Ron,1.000000000000e-03
0,27,Ron,1.000000000000e-03
0,28,Ron,1.000000000000e-03
0,29,Ron,1.000000000000e-03
0,30,Ron,1.000000000000e-03
0,31,Ron,1.000000000000e-03
1,0,Ron,1.000000000000e-03
1,1,Roff,1.000000000000e-06
1,2,Roff,1.000000000000e-06
1,3,Ron,1.000000000000e-03
1,4,Roff,1.000000000000e-06
1,5,Ron,1.000000000000e-03
1,6,Roff,1.000000000000e-06
1,7,Roff,1.000000000000e-06
1,8,Roff,1.000000000000e-06
1,9,Ron,1.000000000000e-03
1,10,Roff,1.000000000000e-06
1,11,Roff,1.000000000000e-06
1,12,Ron,1.000000000000e-03
1,13,Ron,1.000000000000e-03
1,14,Ron,1.000000000000e-03
1,15,Ron,1.000000000000e-03
1,16,Roff,1.000000000000e-06
1,17,Ron,1.000000000000e-03
1,18,Ron,1.000000000000e-03
1,19,Roff,1.000000000000e-06
1,20,Roff,1.000000000000e-06
1,21,Ron,1.000000000000e-03
1,22,Roff,1.000000000000e-06
1,23,Ron,1.000000000000e-03
1,24,Ron,1.000000000000e-03
1,25,Roff,1.000000000000e-06
1,26,Roff,1.000000000000e-06
1,27,Roff,1.000000000000e-06
1,28,Roff,1.000000000000e-06
1,29,Roff,1.000000000000e-06
1,30,Roff,1.000000000000e-06
1,31,Roff,1.000000000000e-06
2,0,Roff,1.000000000000e-06
2,1,Ron,1.000000000000e-03
2,2,Roff,1.000000000000e-06
2,3,Roff,1.000000000000e-06
2,4,Ron,1.000000000000e-03
2,5,Ron,1.000000000000e-03
2,6,Ron,1.000000000000e-03
2,7,Roff,1.000000000000e-06
2,8,Roff,1.000000000000e-06
2,9,Roff,1.000000000000e-06
2,10,Roff,1.000000000000e-06
2,11,Ron,1.000000000000e-03
2,12,Roff,1.000000000000e-06
2,13,Roff,1.000000000000e-06
2,14,Roff,1.000000000000e-06
2,15,Roff,1.000000000000e-06
2,16,Roff,1.000000000000e-06
2,17,Roff,1.000000000000e-06
2,18,Roff,1.000000000000e-06
2,19,Roff,1.000000000000e-06
2,20,Roff,1.000000000000e-06
2,21,Roff,1.000000000000e-06
2,22,Ron,1.000000000000e-03
2,23,Roff,1.000000000000e-06
2,24,Roff,1.000000000000e-06
2,25,Roff,1.000000000000e-06
2,26,Roff,1.000000000000e-06
2,27,Roff,1.000000000000e-06
2,28,Roff,1.000000000000e-06
2,29,Ron,1.000000000000e-03
2,30,Roff,1.000000000000e-06
2,31,Ron,1.000000000000e-03
3,0,Ron,1.000000000000e-03
3,1,Roff,1.000000000000e-06
3,2,Roff,1.000000000000e-06
3,3,Ron,1.000000000000e-03
3,4,Roff,1.000000000000e-06
3,5,Ron,1.000000000000e-03
3,6,Roff,1.000000000000e-06
3,7,Roff,1.000000000000e-06
3,8,Roff,1.000000000000e-06
3,9,Ron,1.000000000000e-03
3,10,Ron,1.000000000000e-03
3,11,Ron,1.000000000000e-03
3,12,Ron,1.000000000000e-03
3,13,Ron,1.000000000000e-03
3,14,Roff,1.000000000000e-06
3,15,Roff,1.000000000000e-06
3,16,Ron,1.000000000000e-03
3,17,Roff,1.000000000000e-06
3,18,Roff,1.000000000000e-06
3,19,Ron,1.000000000000e-03
3,20,Ron,1.000000000000e-03
3,21,Ron,1.000000000000e-03
3,22,Ron,1.000000000000e-03
3,23,Roff,1.000000000000e-06
3,24,Ron,1.000000000000e-03
3,25,Roff,1.000000000000e-06
3,26,Roff,1.000000000000e-06
3,27,Roff,1.000000000000e-06
3,28,Roff,1.000000000000e-06
3,29,Roff,1.000000000000e-06
3,30,Roff,1.000000000000e-06
3,31,Ron,1.000000000000e-03
4,0,Ron,1.000000000000e-03
4,1,Ron,1.000000000000e-03
4,2,Ron,1.000000000000e-03
4,3,Roff,1.000000000000e-06
4,4,Roff,1.000000000000e-06
4,5,Roff,1.000000000000e-06
4,6,Roff,1.000000000000e-06
4,7,Ron,1.000000000000e-03
4,8,Ron,1.000000000000e-03
4,9,Roff,1.000000000000e-06
4,10,Ron,1.000000000000e-03
4,11,Ron,1.000000000000e-03
4,12,Roff,1.000000000000e-06
4,13,Ron,1.000000000000e-03
4,14,Roff,1.000000000000e-06
4,15,Roff,1.000000000000e-06
4,16,Roff,1.000000000000e-06
4,17,Roff,1.000000000000e-06
4,18,Ron,1.000000000000e-03
4,19,Ron,1.000000000000e-03
4,20,Roff,1.000000000000e-06
4,21,Roff,1.000000000000e-06
4,22,Roff,1.000000000000e-06
4,23,Roff,1.000000000000e-06
4,24,Ron,1.000000000000e-03
4,25,Roff,1.000000000000e-06
4,26,Ron,1.000000000000e-03
4,27,Ron,1.000000000000e-03
4,28,Ron,1.000000000000e-03
4,29,Ron,1.000000000000e-03
4,30,Ron,1.000000000000e-03
4,31,Roff,1.000000000000e-06
5,0,Ron,1.000000000000e-03
5,1,Ron,1.000000000000e-03
5,2,Roff,1.000000000000e-06
5,3,Ron,1.000000000000e-03
5,4,Roff,1.000000000000e-06
5,5,Roff,1.000000000000e-06
5,6,Ron,1.000000000000e-03
5,7,Roff,1.000000000000e-06
5,8,Roff,1.000000000000e-06
5,9,Ron,1.000000000000e-03
5,10,Ron,1.000000000000e-03
5,11,Roff,1.000000000000e-06
5,12,Ron,1.000000000000e-03
5,13,Roff,1.000000000000e-06
5,14,Ron,1.000000000000e-03
5,15,Ron,1.000000000000e-03
5,16,Roff,1.000000000000e-06
5,17,Ron,1.000000000000e-03
5,18,Ron,1.000000000000e-03
5,19,Ron,1.000000000000e-03
5,20,Roff,1.000000000000e-06
5,21,Roff,1.000000000000e-06
5,22,Ron,1.000000000000e-03
5,23,Ron,1.000000000000e-03
5,24,Ron,1.000000000000e-03
5,25,Ron,1.000000000000e-03
5,26,Ron,1.000000000000e-03
5,27,Ron,1.000000000000e-03
5,28,Roff,1.000000000000e-06
5,29,Ron,1.000000000000e-03
5,30,Ron,1.000000000000e-03
5,31,Roff,1.000000000000e-06
6,0,Ron,1.000000000000e-03
6,1,Roff,1.000000000000e-06
6,2,Roff,1.000000000000e-06
6,3,Roff,1.000000000000e-06
6,4,Roff,1.000000000000e-06
6,5,Roff,1.000000000000e-06
6,6,Ron,1.000000000000e-03
6,7,Roff,1.000000000000e-06
6,8,Roff,1.000000000000e-06
6,9,Roff,1.000000000000e-06
6,10,Roff,1.000000000000e-06
6,11,Ron,1.000000000000e-03
6,12,Roff,1.000000000000e-06
6,13,Roff,1.000000000000e-06
6,14,Ron,1.000000000000e-03
6,15,Roff,1.000000000000e-06
6,16,Roff,1.000000000000e-06
6,17,Ron,1.000000000000e-03
6,18,Ron,1.000000000000e-03
6,19,Roff,1.000000000000e-06
6,20,Ron,1.000000000000e-03
6,21,Roff,1.000000000000e-06
6,22,Roff,1.000000000000e-06
6,23,Roff,1.000000000000e-06
6,24,Roff,1.000000000000e-06
6,25,Roff,1.000000000000e-06
6,26,Ron,1.000000000000e-03
6,27,Roff,1.000000000000e-06
6,28,Roff,1.000000000000e-06
6,29,Ron,1.000000000000e-03
6,30,Ron,1.000000000000e-03
6,31,Ron,1.000000000000e-03
7,0,Roff,1.000000000000e-06
7,1,Roff,1.000000000000e-06
7,2,Roff,1.000000000000e-06
7,3,Roff,1.000000000000e-06
7,4,Roff,1.000000000000e-06
7,5,Ron,1.000000000000e-03
7,6,Roff,1.000000000000e-06
7,7,Roff,1.000000000000e-06
7,8,Roff,1.000000000000e-06
7,9,Ron,1.000000000000e-03
7,10,Ron,1.000000000000e-03
7,11,Ron,1.000000000000e-03
7,12,Roff,1.000000000000e-06
7,13,Ron,1.000000000000e-03
7,14,Roff,1.000000000000e-06
7,15,Roff,1.000000000000e-06
7,16,Roff,1.000000000000e-06
7,17,Ron,1.000000000000e-03
7,18,Roff,1.000000000000e-06
7,19,Roff,1.000000000000e-06
7,20,Roff,1.000000000000e-06
7,21,Ron,1.000000000000e-03
7,22,Roff,1.000000000000e-06
7,23,Roff,1.000000000000e-06
7,24,Ron,1.000000000000e-03
7,25,Ron,1.000000000000e-03
7,26,Ron,1.000000000000e-03
7,27,Roff,1.000000000000e-06
7,28,Ron,1.000000000000e-03
7,29,Roff,1.000000000000e-06
7,30,Roff,1.000000000000e-06
7,31,Roff,1.000000000000e-06
8,0,Roff,1.000000000000e-06
8,1,Ron,1.000000000000e-03
8,2,Ron,1.000000000000e-03
8,3,Roff,1.000000000000e-06
8,4,Ron,1.000000000000e-03
8,5,Ron,1.000000000000e-03
8,6,Ron,1.000000000000e-03
8,7,Roff,1.000000000000e-06
8,8,Roff,1.000000000000e-06
8,9,Ron,1.000000000000e-03
8,10,Roff,1.000000000000e-06
8,11,Ron,1.000000000000e-03
8,12,Roff,1.000000000000e-06
8,13,Ron,1.000000000000e-03
8,14,Ron,1.000000000000e-03
8,15,Ron,1.000000000000e-03
8,16,Ron,1.000000000000e-03
8,17,Ron,1.000000000000e-03
8,18,Ron,1.000000000000e-03
8,19,Ron,1.000000000000e-03
8,20,Roff,1.000000000000e-06
8,21,Roff,1.000000000000e-06
8,22,Roff,1.000000000000e-06
8,23,Roff,1.000000000000e-06
8,24,Ron,1.000000000000e-03
8,25,Ron,1.000000000000e-03
8,26,Ron,1.000000000000e-03
8,27,Ron,1.000000000000e-03
8,28,Roff,1.000000000000e-06
8,29,Ron,1.000000000000e-03
8,30,Roff,1.000000000000e-06
8,31,Roff,1.000000000000e-06
9,0,Ron,1.000000000000e-03
9,1,Roff,1.000000000000e-06
9,2,Ron,1.000000000000e-03
9,3,Ron,1.000000000000e-03
9,4,Ron,1.000000000000e-03
9,5,Roff,1.000000000000e-06
9,6,Roff,1.000000000000e-06
9,7,Roff,1.000000000000e-06
9,8,Roff,1.000000000000e-06
9,9,Ron,1.000000000000e-03
9,10,Ron,1.000000000000e-03
9,11,Roff,1.000000000000e-06
9,12,Roff,1.000000000000e-06
9,13,Ron,1.000000000000e-03
9,14,Roff,1.000000000000e-06
9,15,Ron,1.000000000000e-03
9,16,Roff,1.000000000000e-06
9,17,Ron,1.000000000000e-03
9,18,Roff,1.000000000000e-06
9,19,Ron,1.000000000000e-03
9,20,Ron,1.000000000000e-03
9,21,Roff,1.000000000000e-06
9,22,Ron,1.000000000000e-03
9,23,Roff,1.000000000000e-06
9,24,Ron,1.000000000000e-03
9,25,Roff,1.000000000000e-06
9,26,Roff,1.000000000000e-06
9,27,Ron,1.000000000000e-03
9,28,Roff,1.000000000000e-06
9,29,Roff,1.000000000000e-06
9,30,Ron,1.000000000000e-03
9,31,Roff,1.000000000000e-06
10,0,Ron,1.000000000000e-03
10,1,Ron,1.000000000000e-03
10,2,Ron,1.000000000000e-03
10,3,Ron,1.000000000000e-03
10,4,Ron,1.000000000000e-03
10,5,Roff,1.000000000000e-06
10,6,Ron,1.000000000000e-03
10,7,Roff,1.000000000000e-06
10,8,Ron,1.000000000000e-03
10,9,Roff,1.000000000000e-06
10,10,Ron,1.000000000000e-03
10,11,Roff,1.000000000000e-06
10,12,Roff,1.000000000000e-06
10,13,Roff,1.000000000000e-06
10,14,Ron,1.000000000000e-03
10,15,Roff,1.000000000000e-06
10,16,Roff,1.000000000000e-06
10,17,Ron,1.000000000000e-03
10,18,Roff,1.000000000000e-06
10,19,Roff,1.000000000000e-06
10,20,Roff,1.000000000000e-06
10,21,Ron,1.000000000000e-03
10,22,Roff,1.000000000000e-06
10,23,Ron,1.000000000000e-03
10,24,Roff,1.000000000000e-06
10,25,Roff,1.000000000000e-06
10,26,Roff,1.000000000000e-06
10,27,Ron,1.000000000000e-03
10,28,Ron,1.000000000000e-03
10,29,Roff,1.000000000000e-06
10,30,Ron,1.000000000000e-03
10,31,Ron,1.000000000000e-03
11,0,Roff,1.000000000000e-06
11,1,Roff,1.000000000000e-06
11,2,Ron,1.000000000000e-03
11,3,Ron,1.000000000000e-03
11,4,Ron,1.000000000000e-03
11,5,Ron,1.000000000000e-03
11,6,Roff,1.000000000000e-06
11,7,Roff,1.000000000000e-06
11,8,Ron,1.000000000000e-03
11,9,Ron,1.000000000000e-03
11,10,Ron,1.000000000000e-03
11,11,Roff,1.000000000000e-06
11,12,Roff,1.000000000000e-06
11,13,Roff,1.000000000000e-06
11,14,Ron,1.000000000000e-03
11,15,Ron,1.000000000000e-03
11,16,Ron,1.000000000000e-03
11,17,Ron,1.000000000000e-03
11,18,Ron,1.000000000000e-03
11,19,Roff,1.000000000000e-06
11,20,Roff,1.000000000000e-06
11,21,Roff,1.000000000000e-06
11,22,Roff,1.000000000000e-06
11,23,Roff,1.000000000000e-06
11,24,Ron,1.000000000000e-03
11,25,Ron,1.000000000000e-03
11,26,Roff,1.000000000000e-06
11,27,Roff,1.000000000000e-06
11,28,Ron,1.000000000000e-03
11,29,Ron,1.000000000000e-03
11,30,Ron,1.000000000000e-03
11,31,Roff,1.000000000000e-06
12,0,Ron,1.000000000000e-03
12,1,Ron,1.000000000000e-03
12,2,Roff,1.000000000000e-06
12,3,Roff,1.000000000000e-06
12,4,Ron,1.000000000000e-03
12,5,Ron,1.000000000000e-03
12,6,Ron,1.000000000000e-03
12,7,Ron,1.000000000000e-03
12,8,Roff,1.000000000000e-06
12,9,Roff,1.000000000000e-06
12,10,Roff,1.000000000000e-06
12,11,Roff,1.000000000000e-06
12,12,Roff,1.000000000000e-06
12,13,Ron,1.000000000000e-03
12,14,Ron,1.000000000000e-03
12,15,Ron,1.000000000000e-03
12,16,Roff,1.000000000000e-06
12,17,Ron,1.000000000000e-03
12,18,Ron,1.000000000000e-03
12,19,Ron,1.000000000000e-03
12,20,Roff,1.000000000000e-06
12,21,Ron,1.000000000000e-03
12,22,Ron,1.000000000000e-03
12,23,Ron,1.000000000000e-03
12,24,Ron,1.000000000000e-03
12,25,Ron,1.000000000000e-03
12,26,Roff,1.000000000000e-06
12,27,Roff,1.000000000000e-06
12,28,Ron,1.000000000000e-03
12,29,Roff,1.000000000000e-06
12,30,Ron,1.000000000000e-03
12,31,Roff,1.000000000000e-06
13,0,Ron,1.000000000000e-03
13,1,Roff,1.000000000000e-06
13,2,Roff,1.000000000000e-06
13,3,Ron,1.000000000000e-03
13,4,Ron,1.000000000000e-03
13,5,Roff,1.000000000000e-06
13,6,Ron,1.000000000000e-03
13,7,Roff,1.000000000000e-06
13,8,Ron,1.000000000000e-03
13,9,Roff,1.000000000000e-06
13,10,Roff,1.000000000000e-06
13,11,Roff,1.000000000000e-06
13,12,Ron,1.000000000000e-03
13,13,Roff,1.000000000000e-06
13,14,Roff,1.000000000000e-06
13,15,Roff,1.000000000000e-06
13,16,Roff,1.000000000000e-06
13,17,Ron,1.000000000000e-03
13,18,Ron,1.000000000000e-03
13,19,Roff,1.000000000000e-06
13,20,Roff,1.000000000000e-06
13,21,Ron,1.000000000000e-03
13,22,Ron,1.000000000000e-03
13,23,Ron,1.000000000000e-03
13,24,Roff,1.000000000000e-06
13,25,Roff,1.000000000000e-06
13,26,Ron,1.000000000000e-03
13,27,Roff,1.000000000000e-06
13,28,Ron,1.000000000000e-03
13,29,Ron,1.000000000000e-03
13,30,Roff,1.000000000000e-06
13,31,Ron,1.000000000000e-03
14,0,Roff,1.000000000000e-06
14,1,Ron,1.000000000000e-03
14,2,Roff,1.000000000000e-06
14,3,Roff,1.000000000000e-06
14,4,Roff,1.000000000000e-06
14,5,Roff,1.000000000000e-06
14,6,Ron,1.000000000000e-03
14,7,Roff,1.000000000000e-06
14,8,Ron,1.000000000000e-03
14,9,Ron,1.000000000000e-03
14,10,Roff,1.000000000000e-06
14,11,Ron,1.000000000000e-03
14,12,Roff,1.000000000000e-06
14,13,Ron,1.000000000000e-03
14,14,Ron,1.000000000000e-03
14,15,Ron,1.000000000000e-03
14,16,Ron,1.000000000000e-03
14,17,Ron,1.000000000000e-03
14,18,Ron,1.000000000000e-03
14,19,Roff,1.000000000000e-06
14,20,Roff,1.000000000000e-06
14,21,Roff,1.000000000000e-06
14,22,Ron,1.000000000000e-03
14,23,Roff,1.000000000000e-06
14,24,Roff,1.000000000000e-06
14,25,Roff,1.000000000000e-06
14,26,Roff,1.000000000000e-06
14,27,Ron,1.000000000000e-03
14,28,Roff,1.000000000000e-06
14,29,Roff,1.000000000000e-06
14,30,Ron,1.000000000000e-03
14,31,Roff,1.000000000000e-06
15,0,Ron,1.000000000000e-03
15,1,Roff,1.000000000000e-06
15,2,Roff,1.000000000000e-06
15,3,Roff,1.000000000000e-06
15,4,Ron,1.000000000000e-03
15,5,Roff,1.000000000000e-06
15,6,Roff,1.000000000000e-06
15,7,Ron,1.000000000000e-03
15,8,Ron,1.000000000000e-03
15,9,Roff,1.000000000000e-06
15,10,Roff,1.000000000000e-06
15,11,Roff,1.000000000000e-06
15,12,Roff,1.000000000000e-06
15,13,Roff,1.000000000000e-06
15,14,Ron,1.000000000000e-03
15,15,Roff,1.000000000000e-06
15,16,Ron,1.000000000000e-03
15,17,Ron,1.000000000000e-03
15,18,Roff,1.000000000000e-06
15,19,Roff,1.000000000000e-06
15,20,Roff,1.000000000000e-06
15,21,Ron,1.000000000000e-03
15,22,Ron,1.000000000000e-03
15,23,Ron,1.000000000000e-03
15,24,Roff,1.000000000000e-06
15,25,Roff,1.000000000000e-06
15,26,Ron,1.000000000000e-03
15,27,Ron,1.000000000000e-03
15,28,Roff,1.000000000000e-06
15,29,Roff,1.000000000000e-06
15,30,Roff,1.000000000000e-06
15,31,Ron,1.000000000000e-03
16,0,Ron,1.000000000000e-03
16,1,Roff,1.000000000000e-06
16,2,Roff,1.000000000000e-06
16,3,Ron,1.000000000000e-03
16,4,Roff,1.000000000000e-06
16,5,Roff,1.000000000000e-06
16,6,Ron,1.000000000000e-03
16,7,Ron,1.000000000000e-03
16,8,Roff,1.000000000000e-06
16,9,Roff,1.000000000000e-06
16,10,Roff,1.000000000000e-06
16,11,Ron,1.000000000000e-03
16,12,Ron,1.000000000000e-03
16,13,Roff,1.000000000000e-06
16,14,Roff,1.000000000000e-06
16,15,Ron,1.000000000000e-03
16,16,Ron,1.000000000000e-03
16,17,Roff,1.000000000000e-06
16,18,Roff,1.000000000000e-06
16,19,Roff,1.000000000000e-06
16,20,Ron,1.000000000000e-03
16,21,Ron,1.000000000000e-03
16,22,Roff,1.000000000000e-06
16,23,Roff,1.000000000000e-06
16,24,Roff,1.000000000000e-06
16,25,Roff,1.000000000000e-06
16,26,Ron,1.000000000000e-03
16,27,Ron,1.000000000000e-03
16,28,Ron,1.000000000000e-03
16,29,Roff,1.000000000000e-06
16,30,Ron,1.000000000000e-03
16,31,Roff,1.000000000000e-06
17,0,Ron,1.000000000000e-03
17,1,Roff,1.000000000000e-06
17,2,Roff,1.000000000000e-06
17,3,Ron,1.000000000000e-03
17,4,Ron,1.000000000000e-03
17,5,Roff,1.000000000000e-06
17,6,Ron,1.000000000000e-03
17,7,Roff,1.000000000000e-06
17,8,Roff,1.000000000000e-06
17,9,Ron,1.000000000000e-03
17,10,Ron,1.000000000000e-03
17,11,Roff,1.000000000000e-06
17,12,Ron,1.000000000000e-03
17,13,Roff,1.000000000000e-06
17,14,Ron,1.000000000000e-03
17,15,Ron,1.000000000000e-03
17,16,Roff,1.000000000000e-06
17,17,Roff,1.000000000000e-06
17,18,Roff,1.000000000000e-06
17,19,Ron,1.000000000000e-03
17,20,Ron,1.000000000000e-03
17,21,Ron,1.000000000000e-03
17,22,Ron,1.000000000000e-03
17,23,Roff,1.000000000000e-06
17,24,Ron,1.000000000000e-03
17,25,Ron,1.000000000000e-03
17,26,Roff,1.000000000000e-06
17,27,Roff,1.000000000000e-06
17,28,Ron,1.000000000000e-03
17,29,Roff,1.000000000000e-06
17,30,Roff,1.000000000000e-06
17,31,Roff,1.000000000000e-06
18,0,Roff,1.000000000000e-06
18,1,Roff,1.000000000000e-06
18,2,Roff,1.000000000000e-06
18,3,Ron,1.000000000000e-03
18,4,Ron,1.000000000000e-03
18,5,Ron,1.000000000000e-03
18,6,Roff,1.000000000000e-06
18,7,Roff,1.000000000000e-06
18,8,Ron,1.000000000000e-03
18,9,Ron,1.000000000000e-03
18,10,Roff,1.000000000000e-06
18,11,Roff,1.000000000000e-06
18,12,Ron,1.000000000000e-03
18,13,Ron,1.000000000000e-03
18,14,Ron,1.000000000000e-03
18,15,Roff,1.000000000000e-06
18,16,Ron,1.000000000000e-03
18,17,Ron,1.000000000000e-03
18,18,Roff,1.000000000000e-06
18,19,Ron,1.000000000000e-03
18,20,Ron,1.000000000000e-03
18,21,Ron,1.000000000000e-03
18,22,Ron,1.000000000000e-03
18,23,Roff,1.000000000000e-06
18,24,Ron,1.000000000000e-03
18,25,Roff,1.000000000000e-06
18,26,Roff,1.000000000000e-06
18,27,Roff,1.000000000000e-06
18,28,Roff,1.000000000000e-06
18,29,Ron,1.000000000000e-03
18,30,Roff,1.000000000000e-06
18,31,Roff,1.000000000000e-06
19,0,Roff,1.000000000000e-06
19,1,Roff,1.000000000000e-06
19,2,Ron,1.000000000000e-03
19,3,Ron,1.000000000000e-03
19,4,Roff,1.000000000000e-06
19,5,Roff,1.000000000000e-06
19,6,Ron,1.000000000000e-03
19,7,Roff,1.000000000000e-06
19,8,Roff,1.000000000000e-06
19,9,Ron,1.000000000000e-03
19,10,Ron,1.000000000000e-03
19,11,Roff,1.000000000000e-06
19,12,Roff,1.000000000000e-06
19,13,Ron,1.000000000000e-03
19,14,Roff,1.000000000000e-06
19,15,Roff,1.000000000000e-06
19,16,Roff,1.000000000000e-06
19,17,Ron,1.000000000000e-03
19,18,Roff,1.000000000000e-06
19,19,Ron,1.000000000000e-03
19,20,Ron,1.000000000000e-03
19,21,Ron,1.000000000000e-03
19,22,Roff,1.000000000000e-06
19,23,Ron,1.000000000000e-03
19,24,Ron,1.000000000000e-03
19,25,Ron,1.000000000000e-03
19,26,Roff,1.000000000000e-06
19,27,Roff,1.000000000000e-06
19,28,Ron,1.000000000000e-03
19,29,Roff,1.000000000000e-06
19,30,Roff,1.000000000000e-06
19,31,Ron,1.000000000000e-03
20,0,Roff,1.000000000000e-06
20,1,Roff,1.000000000000e-06
20,2,Ron,1.000000000000e-03
20,3,Ron,1.000000000000e-03
20,4,Ron,1.000000000000e-03
20,5,Ron,1.000000000000e-03
20,6,Roff,1.000000000000e-06
20,7,Ron,1.000000000000e-03
20,8,Roff,1.000000000000e-06
20,9,Roff,1.000000000000e-06
20,10,Roff,1.000000000000e-06
20,11,Ron,1.000000000000e-03
20,12,Ron,1.000000000000e-03
20,13,Ron,1.000000000000e-03
20,14,Ron,1.000000000000e-03
20,15,Roff,1.000000000000e-06
20,16,Ron,1.000000000000e-03
20,17,Roff,1.000000000000e-06
20,18,Ron,1.000000000000e-03
20,19,Ron,1.000000000000e-03
20,20,Ron,1.000000000000e-03
20,21,Roff,1.000000000000e-06
20,22,Roff,1.000000000000e-06
20,23,Roff,1.000000000000e-06
20,24,Roff,1.000000000000e-06
20,25,Ron,1.000000000000e-03
20,26,Ron,1.000000000000e-03
20,27,Roff,1.000000000000e-06
20,28,Ron,1.000000000000e-03
20,29,Roff,1.000000000000e-06
20,30,Ron,1.000000000000e-03
20,31,Ron,1.000000000000e-03
21,0,Roff,1.000000000000e-06
21,1,Ron,1.000000000000e-03
21,2,Ron,1.000000000000e-03
21,3,Ron,1.000000000000e-03
21,4,Ron,1.000000000000e-03
21,5,Ron,1.000000000000e-03
21,6,Roff,1.000000000000e-06
21,7,Roff,1.000000000000e-06
21,8,Roff,1.000000000000e-06
21,9,Roff,1.000000000000e-06
21,10,Ron,1.000000000000e-03
21,11,Ron,1.000000000000e-03
21,12,Ron,1.000000000000e-03
21,13,Ron,1.000000000000e-03
21,14,Roff,1.000000000000e-06
21,15,Roff,1.000000000000e-06
21,16,Roff,1.000000000000e-06
21,17,Roff,1.000000000000e-06
21,18,Ron,1.000000000000e-03
21,19,Ron,1.000000000000e-03
21,20,Roff,1.000000000000e-06
21,21,Roff,1.000000000000e-06
21,22,Ron,1.000000000000e-03
21,23,Roff,1.000000000000e-06
21,24,Ron,1.000000000000e-03
21,25,Roff,1.000000000000e-06
21,26,Ron,1.000000000000e-03
21,27,Ron,1.000000000000e-03
21,28,Roff,1.000000000000e-06
21,29,Ron,1.000000000000e-03
21,30,Roff,1.000000000000e-06
21,31,Ron,1.000000000000e-03
22,0,Roff,1.000000000000e-06
22,1,Roff,1.000000000000e-06
22,2,Roff,1.000000000000e-06
22,3,Ron,1.000000000000e-03
22,4,Roff,1.000000000000e-06
22,5,Ron,1.000000000000e-03
22,6,Ron,1.000000000000e-03
22,7,Ron,1.000000000000e-03
22,8,Ron,1.000000000000e-03
22,9,Ron,1.000000000000e-03
22,10,Roff,1.000000000000e-06
22,11,Ron,1.000000000000e-03
22,12,Roff,1.000000000000e-06
22,13,Ron,1.000000000000e-03
22,14,Ron,1.000000000000e-03
22,15,Roff,1.000000000000e-06
22,16,Ron,1.000000000000e-03
22,17,Roff,1.000000000000e-06
22,18,Roff,1.000000000000e-06
22,19,Ron,1.000000000000e-03
22,20,Ron,1.000000000000e-03
22,21,Roff,1.000000000000e-06
22,22,Ron,1.000000000000e-03
22,23,Ron,1.000000000000e-03
22,24,Roff,1.000000000000e-06
22,25,Ron,1.000000000000e-03
22,26,Roff,1.000000000000e-06
22,27,Roff,1.000000000000e-06
22,28,Ron,1.000000000000e-03
22,29,Roff,1.000000000000e-06
22,30,Ron,1.000000000000e-03
22,31,Ron,1.000000000000e-03
23,0,Ron,1.000000000000e-03
23,1,Roff,1.000000000000e-06
23,2,Ron,1.000000000000e-03
23,3,Roff,1.000000000000e-06
23,4,Ron,1.000000000000e-03
23,5,Roff,1.000000000000e-06
23,6,Ron,1.000000000000e-03
23,7,Roff,1.000000000000e-06
23,8,Roff,1.000000000000e-06
23,9,Ron,1.000000000000e-03
23,10,Roff,1.000000000000e-06
23,11,Roff,1.000000000000e-06
23,12,Roff,1.000000000000e-06
23,13,Roff,1.000000000000e-06
23,14,Roff,1.000000000000e-06
23,15,Ron,1.000000000000e-03
23,16,Roff,1.000000000000e-06
23,17,Ron,1.000000000000e-03
23,18,Roff,1.000000000000e-06
23,19,Ron,1.000000000000e-03
23,20,Roff,1.000000000000e-06
23,21,Roff,1.000000000000e-06
23,22,Roff,1.000000000000e-06
23,23,Ron,1.000000000000e-03
23,24,Ron,1.000000000000e-03
23,25,Roff,1.000000000000e-06
23,26,Roff,1.000000000000e-06
23,27,Ron,1.000000000000e-03
23,28,Ron,1.000000000000e-03
23,29,Roff,1.000000000000e-06
23,30,Ron,1.000000000000e-03
23,31,Roff,1.000000000000e-06
24,0,Ron,1.000000000000e-03
24,1,Roff,1.000000000000e-06
24,2,Roff,1.000000000000e-06
24,3,Ron,1.000000000000e-03
24,4,Roff,1.000000000000e-06
24,5,Ron,1.000000000000e-03
24,6,Ron,1.000000000000e-03
24,7,Roff,1.000000000000e-06
24,8,Ron,1.000000000000e-03
24,9,Roff,1.000000000000e-06
24,10,Ron,1.000000000000e-03
24,11,Ron,1.000000000000e-03
24,12,Ron,1.000000000000e-03
24,13,Ron,1.000000000000e-03
24,14,Ron,1.000000000000e-03
24,15,Ron,1.000000000000e-03
24,16,Roff,1.000000000000e-06
24,17,Ron,1.000000000000e-03
24,18,Roff,1.000000000000e-06
24,19,Roff,1.000000000000e-06
24,20,Roff,1.000000000000e-06
24,21,Roff,1.000000000000e-06
24,22,Roff,1.000000000000e-06
24,23,Roff,1.000000000000e-06
24,24,Roff,1.000000000000e-06
24,25,Ron,1.000000000000e-03
24,26,Roff,1.000000000000e-06
24,27,Roff,1.000000000000e-06
24,28,Ron,1.000000000000e-03
24,29,Ron,1.000000000000e-03
24,30,Ron,1.000000000000e-03
24,31,Ron,1.000000000000e-03
25,0,Ron,1.000000000000e-03
25,1,Ron,1.000000000000e-03
25,2,Roff,1.000000000000e-06
25,3,Ron,1.000000000000e-03
25,4,Ron,1.000000000000e-03
25,5,Roff,1.000000000000e-06
25,6,Ron,1.000000000000e-03
25,7,Ron,1.000000000000e-03
25,8,Ron,1.000000000000e-03
25,9,Ron,1.000000000000e-03
25,10,Ron,1.000000000000e-03
25,11,Ron,1.000000000000e-03
25,12,Ron,1.000000000000e-03
25,13,Ron,1.000000000000e-03
25,14,Roff,1.000000000000e-06
25,15,Ron,1.000000000000e-03
25,16,Roff,1.000000000000e-06
25,17,Ron,1.000000000000e-03
25,18,Roff,1.000000000000e-06
25,19,Ron,1.000000000000e-03
25,20,Roff,1.000000000000e-06
25,21,Roff,1.000000000000e-06
25,22,Roff,1.000000000000e-06
25,23,Ron,1.000000000000e-03
25,24,Roff,1.000000000000e-06
25,25,Roff,1.000000000000e-06
25,26,Ron,1.000000000000e-03
25,27,Roff,1.000000000000e-06
25,28,Ron,1.000000000000e-03
25,29,Ron,1.000000000000e-03
25,30,Roff,1.000000000000e-06
25,31,Roff,1.000000000000e-06
26,0,Roff,1.000000000000e-06
26,1,Roff,1.000000000000e-06
26,2,Roff,1.000000000000e-06
26,3,Roff,1.000000000000e-06
26,4,Ron,1.000000000000e-03
26,5,Roff,1.000000000000e-06
26,6,Roff,1.000000000000e-06
26,7,Roff,1.000000000000e-06
26,8,Ron,1.000000000000e-03
26,9,Ron,1.000000000000e-03
26,10,Roff,1.000000000000e-06
26,11,Ron,1.000000000000e-03
26,12,Ron,1.000000000000e-03
26,13,Ron,1.000000000000e-03
26,14,Ron,1.000000000000e-03
26,15,Ron,1.000000000000e-03
26,16,Ron,1.000000000000e-03
26,17,Ron,1.000000000000e-03
26,18,Ron,1.000000000000e-03
26,19,Ron,1.000000000000e-03
26,20,Roff,1.000000000000e-06
26,21,Ron,1.000000000000e-03
26,22,Ron,1.000000000000e-03
26,23,Ron,1.000000000000e-03
26,24,Roff,1.000000000000e-06
26,25,Ron,1.000000000000e-03
26,26,Roff,1.000000000000e-06
26,27,Roff,1.000000000000e-06
26,28,Ron,1.000000000000e-03
26,29,Roff,1.000000000000e-06
26,30,Ron,1.000000000000e-03
26,31,Roff,1.000000000000e-06
27,0,Roff,1.000000000000e-06
27,1,Ron,1.000000000000e-03
27,2,Roff,1.000000000000e-06
27,3,Roff,1.000000000000e-06
27,4,Roff,1.000000000000e-06
27,5,Ron,1.000000000000e-03
27,6,Ron,1.000000000000e-03
27,7,Ron,1.000000000000e-03
27,8,Ron,1.000000000000e-03
27,9,Ron,1.000000000000e-03
27,10,Ron,1.000000000000e-03
27,11,Roff,1.000000000000e-06
27,12,Ron,1.000000000000e-03
27,13,Roff,1.000000000000e-06
27,14,Roff,1.000000000000e-06
27,15,Roff,1.000000000000e-06
27,16,Ron,1.000000000000e-03
27,17,Ron,1.000000000000e-03
27,18,Roff,1.000000000000e-06
27,19,Ron,1.000000000000e-03
27,20,Roff,1.000000000000e-06
27,21,Roff,1.000000000000e-06
27,22,Ron,1.000000000000e-03
27,23,Ron,1.000000000000e-03
27,24,Ron,1.000000000000e-03
27,25,Ron,1.000000000000e-03
27,26,Roff,1.000000000000e-06
27,27,Roff,1.000000000000e-06
27,28,Roff,1.000000000000e-06
27,29,Ron,1.000000000000e-03
27,30,Roff,1.000000000000e-06
27,31,Roff,1.000000000000e-06
28,0,Roff,1.000000000000e-06
28,1,Ron,1.000000000000e-03
28,2,Roff,1.000000000000e-06
28,3,Roff,1.000000000000e-06
28,4,Ron,1.000000000000e-03
28,5,Ron,1.000000000000e-03
28,6,Ron,1.000000000000e-03
28,7,Roff,1.000000000000e-06
28,8,Roff,1.000000000000e-06
28,9,Roff,1.000000000000e-06
28,10,Ron,1.000000000000e-03
28,11,Ron,1.000000000000e-03
28,12,Ron,1.000000000000e-03
28,13,Ron,1.000000000000e-03
28,14,Roff,1.000000000000e-06
28,15,Roff,1.000000000000e-06
28,16,Ron,1.000000000000e-03
28,17,Ron,1.000000000000e-03
28,18,Ron,1.000000000000e-03
28,19,Ron,1.000000000000e-03
28,20,Ron,1.000000000000e-03
28,21,Ron,1.000000000000e-03
28,22,Roff,1.000000000000e-06
28,23,Roff,1.000000000000e-06
28,24,Roff,1.000000000000e-06
28,25,Roff,1.000000000000e-06
28,26,Ron,1.000000000000e-03
28,27,Roff,1.000000000000e-06
28,28,Roff,1.000000000000e-06
28,29,Roff,1.000000000000e-06
28,30,Roff,1.000000000000e-06
28,31,Ron,1.000000000000e-03
29,0,Roff,1.000000000000e-06
29,1,Ron,1.000000000000e-03
29,2,Roff,1.000000000000e-06
29,3,Roff,1.000000000000e-06
29,4,Roff,1.000000000000e-06
29,5,Ron,1.000000000000e-03
29,6,Ron,1.000000000000e-03
29,7,Ron,1.000000000000e-03
29,8,Roff,1.000000000000e-06
29,9,Ron,1.000000000000e-03
29,10,Ron,1.000000000000e-03
29,11,Roff,1.000000000000e-06
29,12,Roff,1.000000000000e-06
29,13,Roff,1.000000000000e-06
29,14,Ron,1.000000000000e-03
29,15,Ron,1.000000000000e-03
29,16,Ron,1.000000000000e-03
29,17,Roff,1.000000000000e-06
29,18,Ron,1.000000000000e-03
29,19,Ron,1.000000000000e-03
29,20,Roff,1.000000000000e-06
29,21,Ron,1.000000000000e-03
29,22,Ron,1.000000000000e-03
29,23,Roff,1.000000000000e-06
29,24,Roff,1.000000000000e-06
29,25,Ron,1.000000000000e-03
29,26,Roff,1.000000000000e-06
29,27,Roff,1.000000000000e-06
29,28,Roff,1.000000000000e-06
29,29,Ron,1.000000000000e-03
29,30,Roff,1.000000000000e-06
29,31,Roff,1.000000000000e-06
30,0,Ron,1.000000000000e-03
30,1,Ron,1.000000000000e-03
30,2,Ron,1.000000000000e-03
30,3,Roff,1.000000000000e-06
30,4,Roff,1.000000000000e-06
30,5,Ron,1.000000000000e-03
30,6,Roff,1.000000000000e-06
30,7,Roff,1.000000000000e-06
30,8,Ron,1.000000000000e-03
30,9,Ron,1.000000000000e-03
30,10,Roff,1.000000000000e-06
30,11,Ron,1.000000000000e-03
30,12,Roff,1.000000000000e-06
30,13,Roff,1.000000000000e-06
30,14,Ron,1.000000000000e-03
30,15,Ron,1.000000000000e-03
30,16,Ron,1.000000000000e-03
30,17,Ron,1.000000000000e-03
30,18,Roff,1.000000000000e-06
30,19,Roff,1.000000000000e-06
30,20,Roff,1.000000000000e-06
30,21,Roff,1.000000000000e-06
30,22,Ron,1.000000000000e-03
30,23,Roff,1.000000000000e-06
30,24,Ron,1.000000000000e-03
30,25,Roff,1.000000000000e-06
30,26,Roff,1.000000000000e-06
30,27,Ron,1.000000000000e-03
30,28,Roff,1.000000000000e-06
30,29,Roff,1.000000000000e-06
30,30,Ron,1.000000000000e-03
30,31,Roff,1.000000000000e-06
31,0,Roff,1.000000000000e-06
31,1,Ron,1.000000000000e-03
31,2,Roff,1.000000000000e-06
31,3,Roff,1.000000000000e-06
31,4,Roff,1.000000000000e-06
31,5,Ron,1.000000000000e-03
31,6,Ron,1.000000000000e-03
31,7,Roff,1.000000000000e-06
31,8,Ron,1.000000000000e-03
31,9,Roff,1.000000000000e-06
31,10,Roff,1.000000000000e-06
31,11,Roff,1.000000000000e-06
31,12,Ron,1.000000000000e-03
31,13,Roff,1.000000000000e-06
31,14,Roff,1.000000000000e-06
31,15,Roff,1.000000000000e-06
31,16,Ron,1.000000000000e-03
31,17,Roff,1.000000000000e-06
31,18,Ron,1.000000000000e-03
31,19,Ron,1.000000000000e-03
31,20,Ron,1.000000000000e-03
31,21,Ron,1.000000000000e-03
31,22,Ron,1.000000000000e-03
31,23,Roff,1.000000000000e-06
31,24,Roff,1.000000000000e-06
31,25,Ron,1.000000000000e-03
31,26,Roff,1.000000000000e-06
31,27,Roff,1.000000000000e-06
31,28,Ron,1.000000000000e-03
31,29,Roff,1.000000000000e-06
31,30,Ron,1.000000000000e-03
31,31,Roff,1.000000000000e-06
